Symbol,Base Asset,Quote Asset,Status
ETHBTC,ETH,BTC,TRADING
LTCBTC,LTC,BTC,TRADING
BNBBTC,BNB,BTC,TRADING
NEOBTC,NEO,BTC,TRADING
QTUMETH,QTUM,ETH,TRADING
EOSETH,EOS,ETH,TRADING
SNTETH,SNT,ETH,TRADING
BNTETH,BNT,ETH,TRADING
BCCBTC,BCC,BTC,BREAK
GASBTC,GAS,BTC,TRADING
BNBETH,BNB,ETH,TRADING
BTCUSDT,BTC,USDT,TRADING
ETHUSDT,ETH,USDT,TRADING
HSRBTC,HSR,BTC,BREAK
OAXETH,OAX,ETH,BREAK
DNTETH,DNT,ETH,BREAK
MCOETH,MCO,ETH,BREAK
ICNETH,ICN,ETH,BREAK
MCOBTC,MCO,BTC,BREAK
WTCBTC,WTC,BTC,BREAK
WTCETH,WTC,ETH,BREAK
LRCBTC,LRC,BTC,TRADING
LRCETH,LRC,ETH,TRADING
QTUMBTC,QTUM,BTC,TRADING
YOYOBTC,YOYO,BTC,BREAK
OMGBTC,OMG,BTC,BREAK
OMGETH,OMG,ETH,BREAK
ZRXBTC,ZRX,BTC,TRADING
ZRXETH,ZRX,ETH,BREAK
STRATBTC,STRAT,BTC,BREAK
STRATETH,STRAT,ETH,BREAK
SNGLSBTC,SNGLS,BTC,BREAK
SNGLSETH,SNGLS,ETH,BREAK
BQXBTC,BQX,BTC,BREAK
BQXETH,BQX,ETH,BREAK
KNCBTC,KNC,BTC,TRADING
KNCETH,KNC,ETH,BREAK
FUNBTC,FUN,BTC,BREAK
FUNETH,FUN,ETH,BREAK
SNMBTC,SNM,BTC,BREAK
SNMETH,SNM,ETH,BREAK
NEOETH,NEO,ETH,BREAK
IOTABTC,IOTA,BTC,TRADING
IOTAETH,IOTA,ETH,TRADING
LINKBTC,LINK,BTC,TRADING
LINKETH,LINK,ETH,TRADING
XVGBTC,XVG,BTC,BREAK
XVGETH,XVG,ETH,TRADING
SALTBTC,SALT,BTC,BREAK
SALTETH,SALT,ETH,BREAK
MDABTC,MDA,BTC,BREAK
MDAETH,MDA,ETH,BREAK
MTLBTC,MTL,BTC,TRADING
MTLETH,MTL,ETH,BREAK
SUBBTC,SUB,BTC,BREAK
SUBETH,SUB,ETH,BREAK
EOSBTC,EOS,BTC,TRADING
SNTBTC,SNT,BTC,TRADING
ETCETH,ETC,ETH,TRADING
ETCBTC,ETC,BTC,TRADING
MTHBTC,MTH,BTC,BREAK
MTHETH,MTH,ETH,BREAK
ENGBTC,ENG,BTC,BREAK
ENGETH,ENG,ETH,BREAK
DNTBTC,DNT,BTC,BREAK
ZECBTC,ZEC,BTC,TRADING
ZECETH,ZEC,ETH,TRADING
BNTBTC,BNT,BTC,BREAK
ASTBTC,AST,BTC,BREAK
ASTETH,AST,ETH,BREAK
DASHBTC,DASH,BTC,TRADING
DASHETH,DASH,ETH,TRADING
OAXBTC,OAX,BTC,TRADING
ICNBTC,ICN,BTC,BREAK
BTGBTC,BTG,BTC,BREAK
BTGETH,BTG,ETH,BREAK
EVXBTC,EVX,BTC,BREAK
EVXETH,EVX,ETH,BREAK
REQBTC,REQ,BTC,TRADING
REQETH,REQ,ETH,BREAK
VIBBTC,VIB,BTC,TRADING
VIBETH,VIB,ETH,BREAK
HSRETH,HSR,ETH,BREAK
TRXBTC,TRX,BTC,TRADING
TRXETH,TRX,ETH,TRADING
POWRBTC,POWR,BTC,TRADING
POWRETH,POWR,ETH,TRADING
ARKBTC,ARK,BTC,BREAK
ARKETH,ARK,ETH,BREAK
YOYOETH,YOYO,ETH,BREAK
XRPBTC,XRP,BTC,TRADING
XRPETH,XRP,ETH,TRADING
MODBTC,MOD,BTC,BREAK
MODETH,MOD,ETH,BREAK
ENJBTC,ENJ,BTC,TRADING
ENJETH,ENJ,ETH,TRADING
STORJBTC,STORJ,BTC,TRADING
STORJETH,STORJ,ETH,BREAK
BNBUSDT,BNB,USDT,TRADING
VENBNB,VEN,BNB,BREAK
YOYOBNB,YOYO,BNB,BREAK
POWRBNB,POWR,BNB,BREAK
VENBTC,VEN,BTC,BREAK
VENETH,VEN,ETH,BREAK
KMDBTC,KMD,BTC,TRADING
KMDETH,KMD,ETH,BREAK
NULSBNB,NULS,BNB,BREAK
RCNBTC,RCN,BTC,BREAK
RCNETH,RCN,ETH,BREAK
RCNBNB,RCN,BNB,BREAK
NULSBTC,NULS,BTC,TRADING
NULSETH,NULS,ETH,BREAK
RDNBTC,RDN,BTC,BREAK
RDNETH,RDN,ETH,BREAK
RDNBNB,RDN,BNB,BREAK
XMRBTC,XMR,BTC,BREAK
XMRETH,XMR,ETH,BREAK
DLTBNB,DLT,BNB,BREAK
WTCBNB,WTC,BNB,BREAK
DLTBTC,DLT,BTC,BREAK
DLTETH,DLT,ETH,BREAK
AMBBTC,AMB,BTC,BREAK
AMBETH,AMB,ETH,BREAK
AMBBNB,AMB,BNB,BREAK
BCCETH,BCC,ETH,BREAK
BCCUSDT,BCC,USDT,BREAK
BCCBNB,BCC,BNB,BREAK
BATBTC,BAT,BTC,TRADING
BATETH,BAT,ETH,BREAK
BATBNB,BAT,BNB,BREAK
BCPTBTC,BCPT,BTC,BREAK
BCPTETH,BCPT,ETH,BREAK
BCPTBNB,BCPT,BNB,BREAK
ARNBTC,ARN,BTC,BREAK
ARNETH,ARN,ETH,BREAK
GVTBTC,GVT,BTC,BREAK
GVTETH,GVT,ETH,BREAK
CDTBTC,CDT,BTC,BREAK
CDTETH,CDT,ETH,BREAK
GXSBTC,GXS,BTC,BREAK
GXSETH,GXS,ETH,BREAK
NEOUSDT,NEO,USDT,TRADING
NEOBNB,NEO,BNB,BREAK
POEBTC,POE,BTC,BREAK
POEETH,POE,ETH,BREAK
QSPBTC,QSP,BTC,BREAK
QSPETH,QSP,ETH,BREAK
QSPBNB,QSP,BNB,BREAK
BTSBTC,BTS,BTC,BREAK
BTSETH,BTS,ETH,BREAK
BTSBNB,BTS,BNB,BREAK
XZCBTC,XZC,BTC,BREAK
XZCETH,XZC,ETH,BREAK
XZCBNB,XZC,BNB,BREAK
LSKBTC,LSK,BTC,TRADING
LSKETH,LSK,ETH,BREAK
LSKBNB,LSK,BNB,BREAK
TNTBTC,TNT,BTC,BREAK
TNTETH,TNT,ETH,BREAK
FUELBTC,FUEL,BTC,BREAK
FUELETH,FUEL,ETH,BREAK
MANABTC,MANA,BTC,TRADING
MANAETH,MANA,ETH,TRADING
BCDBTC,BCD,BTC,BREAK
BCDETH,BCD,ETH,BREAK
DGDBTC,DGD,BTC,BREAK
DGDETH,DGD,ETH,BREAK
IOTABNB,IOTA,BNB,BREAK
ADXBTC,ADX,BTC,TRADING
ADXETH,ADX,ETH,TRADING
ADXBNB,ADX,BNB,BREAK
ADABTC,ADA,BTC,TRADING
ADAETH,ADA,ETH,TRADING
PPTBTC,PPT,BTC,BREAK
PPTETH,PPT,ETH,BREAK
CMTBTC,CMT,BTC,BREAK
CMTETH,CMT,ETH,BREAK
CMTBNB,CMT,BNB,BREAK
XLMBTC,XLM,BTC,TRADING
XLMETH,XLM,ETH,TRADING
XLMBNB,XLM,BNB,BREAK
CNDBTC,CND,BTC,BREAK
CNDETH,CND,ETH,BREAK
CNDBNB,CND,BNB,BREAK
LENDBTC,LEND,BTC,BREAK
LENDETH,LEND,ETH,BREAK
WABIBTC,WABI,BTC,BREAK
WABIETH,WABI,ETH,BREAK
WABIBNB,WABI,BNB,BREAK
LTCETH,LTC,ETH,TRADING
LTCUSDT,LTC,USDT,TRADING
LTCBNB,LTC,BNB,TRADING
TNBBTC,TNB,BTC,BREAK
TNBETH,TNB,ETH,BREAK
WAVESBTC,WAVES,BTC,BREAK
WAVESETH,WAVES,ETH,BREAK
WAVESBNB,WAVES,BNB,BREAK
GTOBTC,GTO,BTC,BREAK
GTOETH,GTO,ETH,BREAK
GTOBNB,GTO,BNB,BREAK
ICXBTC,ICX,BTC,TRADING
ICXETH,ICX,ETH,BREAK
ICXBNB,ICX,BNB,BREAK
OSTBTC,OST,BTC,BREAK
OSTETH,OST,ETH,BREAK
OSTBNB,OST,BNB,BREAK
ELFBTC,ELF,BTC,TRADING
ELFETH,ELF,ETH,TRADING
AIONBTC,AION,BTC,BREAK
AIONETH,AION,ETH,BREAK
AIONBNB,AION,BNB,BREAK
NEBLBTC,NEBL,BTC,BREAK
NEBLBNB,NEBL,BNB,BREAK
BRDBTC,BRD,BTC,BREAK
BRDETH,BRD,ETH,BREAK
BRDBNB,BRD,BNB,BREAK
MCOBNB,MCO,BNB,BREAK
EDOBTC,EDO,BTC,BREAK
EDOETH,EDO,ETH,BREAK
WINGSBTC,WINGS,BTC,BREAK
WINGSETH,WINGS,ETH,BREAK
NAVBTC,NAV,BTC,BREAK
NAVETH,NAV,ETH,BREAK
NAVBNB,NAV,BNB,BREAK
LUNBTC,LUN,BTC,BREAK
LUNETH,LUN,ETH,BREAK
TRIGBTC,TRIG,BTC,BREAK
TRIGETH,TRIG,ETH,BREAK
TRIGBNB,TRIG,BNB,BREAK
APPCBTC,APPC,BTC,BREAK
APPCETH,APPC,ETH,BREAK
APPCBNB,APPC,BNB,BREAK
VIBEBTC,VIBE,BTC,BREAK
VIBEETH,VIBE,ETH,BREAK
RLCBTC,RLC,BTC,TRADING
RLCETH,RLC,ETH,TRADING
RLCBNB,RLC,BNB,BREAK
INSBTC,INS,BTC,BREAK
INSETH,INS,ETH,BREAK
PIVXBTC,PIVX,BTC,TRADING
PIVXBNB,PIVX,BNB,BREAK
IOSTBTC,IOST,BTC,BREAK
IOSTETH,IOST,ETH,BREAK
CHATBTC,CHAT,BTC,BREAK
CHATETH,CHAT,ETH,BREAK
STEEMBTC,STEEM,BTC,TRADING
STEEMETH,STEEM,ETH,TRADING
STEEMBNB,STEEM,BNB,BREAK
NANOBTC,NANO,BTC,BREAK
NANOETH,NANO,ETH,BREAK
NANOBNB,NANO,BNB,BREAK
VIABTC,VIA,BTC,BREAK
VIAETH,VIA,ETH,BREAK
VIABNB,VIA,BNB,BREAK
BLZBTC,BLZ,BTC,TRADING
BLZETH,BLZ,ETH,BREAK
BLZBNB,BLZ,BNB,BREAK
AEBTC,AE,BTC,BREAK
AEETH,AE,ETH,BREAK
AEBNB,AE,BNB,BREAK
RPXBTC,RPX,BTC,BREAK
RPXETH,RPX,ETH,BREAK
RPXBNB,RPX,BNB,BREAK
NCASHBTC,NCASH,BTC,BREAK
NCASHETH,NCASH,ETH,BREAK
NCASHBNB,NCASH,BNB,BREAK
POABTC,POA,BTC,BREAK
POAETH,POA,ETH,BREAK
POABNB,POA,BNB,BREAK
ZILBTC,ZIL,BTC,TRADING
ZILETH,ZIL,ETH,TRADING
ZILBNB,ZIL,BNB,BREAK
ONTBTC,ONT,BTC,TRADING
ONTETH,ONT,ETH,BREAK
ONTBNB,ONT,BNB,BREAK
STORMBTC,STORM,BTC,BREAK
STORMETH,STORM,ETH,BREAK
STORMBNB,STORM,BNB,BREAK
QTUMBNB,QTUM,BNB,BREAK
QTUMUSDT,QTUM,USDT,TRADING
XEMBTC,XEM,BTC,BREAK
XEMETH,XEM,ETH,BREAK
XEMBNB,XEM,BNB,BREAK
WANBTC,WAN,BTC,TRADING
WANETH,WAN,ETH,BREAK
WANBNB,WAN,BNB,BREAK
WPRBTC,WPR,BTC,BREAK
WPRETH,WPR,ETH,BREAK
QLCBTC,QLC,BTC,BREAK
QLCETH,QLC,ETH,BREAK
SYSBTC,SYS,BTC,TRADING
SYSETH,SYS,ETH,BREAK
SYSBNB,SYS,BNB,BREAK
QLCBNB,QLC,BNB,BREAK
GRSBTC,GRS,BTC,BREAK
GRSETH,GRS,ETH,BREAK
ADAUSDT,ADA,USDT,TRADING
ADABNB,ADA,BNB,TRADING
CLOAKBTC,CLOAK,BTC,BREAK
CLOAKETH,CLOAK,ETH,BREAK
GNTBTC,GNT,BTC,BREAK
GNTETH,GNT,ETH,BREAK
GNTBNB,GNT,BNB,BREAK
LOOMBTC,LOOM,BTC,BREAK
LOOMETH,LOOM,ETH,BREAK
LOOMBNB,LOOM,BNB,BREAK
XRPUSDT,XRP,USDT,TRADING
BCNBTC,BCN,BTC,BREAK
BCNETH,BCN,ETH,BREAK
BCNBNB,BCN,BNB,BREAK
REPBTC,REP,BTC,BREAK
REPBNB,REP,BNB,BREAK
BTCTUSD,BTC,TUSD,TRADING
TUSDBTC,TUSD,BTC,BREAK
ETHTUSD,ETH,TUSD,TRADING
TUSDETH,TUSD,ETH,BREAK
TUSDBNB,TUSD,BNB,BREAK
ZENBTC,ZEN,BTC,TRADING
ZENETH,ZEN,ETH,TRADING
ZENBNB,ZEN,BNB,BREAK
SKYBTC,SKY,BTC,BREAK
SKYETH,SKY,ETH,BREAK
SKYBNB,SKY,BNB,BREAK
EOSUSDT,EOS,USDT,TRADING
EOSBNB,EOS,BNB,BREAK
CVCBTC,CVC,BTC,BREAK
CVCETH,CVC,ETH,BREAK
CVCBNB,CVC,BNB,BREAK
THETABTC,THETA,BTC,TRADING
THETAETH,THETA,ETH,BREAK
THETABNB,THETA,BNB,BREAK
XRPBNB,XRP,BNB,TRADING
TUSDUSDT,TUSD,USDT,TRADING
IOTAUSDT,IOTA,USDT,TRADING
XLMUSDT,XLM,USDT,TRADING
IOTXBTC,IOTX,BTC,TRADING
IOTXETH,IOTX,ETH,TRADING
QKCBTC,QKC,BTC,TRADING
QKCETH,QKC,ETH,BREAK
AGIBTC,AGI,BTC,BREAK
AGIETH,AGI,ETH,BREAK
AGIBNB,AGI,BNB,BREAK
NXSBTC,NXS,BTC,BREAK
NXSETH,NXS,ETH,BREAK
NXSBNB,NXS,BNB,BREAK
ENJBNB,ENJ,BNB,BREAK
DATABTC,DATA,BTC,TRADING
DATAETH,DATA,ETH,BREAK
ONTUSDT,ONT,USDT,TRADING
TRXBNB,TRX,BNB,TRADING
TRXUSDT,TRX,USDT,TRADING
ETCUSDT,ETC,USDT,TRADING
ETCBNB,ETC,BNB,TRADING
ICXUSDT,ICX,USDT,TRADING
SCBTC,SC,BTC,BREAK
SCETH,SC,ETH,TRADING
NPXSBTC,NPXS,BTC,BREAK
NPXSETH,NPXS,ETH,BREAK
VENUSDT,VEN,USDT,BREAK
KEYBTC,KEY,BTC,BREAK
KEYETH,KEY,ETH,BREAK
NASBTC,NAS,BTC,BREAK
NASETH,NAS,ETH,BREAK
NASBNB,NAS,BNB,BREAK
MFTBTC,MFT,BTC,BREAK
MFTETH,MFT,ETH,BREAK
MFTBNB,MFT,BNB,BREAK
DENTBTC,DENT,BTC,BREAK
DENTETH,DENT,ETH,TRADING
ARDRBTC,ARDR,BTC,TRADING
ARDRETH,ARDR,ETH,BREAK
ARDRBNB,ARDR,BNB,BREAK
NULSUSDT,NULS,USDT,TRADING
HOTBTC,HOT,BTC,BREAK
HOTETH,HOT,ETH,TRADING
VETBTC,VET,BTC,TRADING
VETETH,VET,ETH,TRADING
VETUSDT,VET,USDT,TRADING
VETBNB,VET,BNB,TRADING
DOCKBTC,DOCK,BTC,BREAK
DOCKETH,DOCK,ETH,BREAK
POLYBTC,POLY,BTC,BREAK
POLYBNB,POLY,BNB,BREAK
PHXBTC,PHX,BTC,BREAK
PHXETH,PHX,ETH,BREAK
PHXBNB,PHX,BNB,BREAK
HCBTC,HC,BTC,BREAK
HCETH,HC,ETH,BREAK
GOBTC,GO,BTC,BREAK
GOBNB,GO,BNB,BREAK
PAXBTC,PAX,BTC,BREAK
PAXBNB,PAX,BNB,BREAK
PAXUSDT,PAX,USDT,BREAK
PAXETH,PAX,ETH,BREAK
RVNBTC,RVN,BTC,TRADING
DCRBTC,DCR,BTC,TRADING
DCRBNB,DCR,BNB,BREAK
USDCBNB,USDC,BNB,BREAK
MITHBTC,MITH,BTC,BREAK
MITHBNB,MITH,BNB,BREAK
BCHABCBTC,BCHABC,BTC,BREAK
BCHSVBTC,BCHSV,BTC,BREAK
BCHABCUSDT,BCHABC,USDT,BREAK
BCHSVUSDT,BCHSV,USDT,BREAK
BNBPAX,BNB,PAX,BREAK
BTCPAX,BTC,PAX,BREAK
ETHPAX,ETH,PAX,BREAK
XRPPAX,XRP,PAX,BREAK
EOSPAX,EOS,PAX,BREAK
XLMPAX,XLM,PAX,BREAK
RENBTC,REN,BTC,TRADING
RENBNB,REN,BNB,BREAK
BNBTUSD,BNB,TUSD,TRADING
XRPTUSD,XRP,TUSD,TRADING
EOSTUSD,EOS,TUSD,BREAK
XLMTUSD,XLM,TUSD,BREAK
BNBUSDC,BNB,USDC,TRADING
BTCUSDC,BTC,USDC,TRADING
ETHUSDC,ETH,USDC,TRADING
XRPUSDC,XRP,USDC,TRADING
EOSUSDC,EOS,USDC,TRADING
XLMUSDC,XLM,USDC,BREAK
USDCUSDT,USDC,USDT,TRADING
ADATUSD,ADA,TUSD,BREAK
TRXTUSD,TRX,TUSD,BREAK
NEOTUSD,NEO,TUSD,BREAK
TRXXRP,TRX,XRP,TRADING
XZCXRP,XZC,XRP,BREAK
PAXTUSD,PAX,TUSD,BREAK
USDCTUSD,USDC,TUSD,BREAK
USDCPAX,USDC,PAX,BREAK
LINKUSDT,LINK,USDT,TRADING
LINKTUSD,LINK,TUSD,BREAK
LINKPAX,LINK,PAX,BREAK
LINKUSDC,LINK,USDC,TRADING
WAVESUSDT,WAVES,USDT,BREAK
WAVESTUSD,WAVES,TUSD,BREAK
WAVESPAX,WAVES,PAX,BREAK
WAVESUSDC,WAVES,USDC,BREAK
BCHABCTUSD,BCHABC,TUSD,BREAK
BCHABCPAX,BCHABC,PAX,BREAK
BCHABCUSDC,BCHABC,USDC,BREAK
BCHSVTUSD,BCHSV,TUSD,BREAK
BCHSVPAX,BCHSV,PAX,BREAK
BCHSVUSDC,BCHSV,USDC,BREAK
LTCTUSD,LTC,TUSD,BREAK
LTCPAX,LTC,PAX,BREAK
LTCUSDC,LTC,USDC,TRADING
TRXPAX,TRX,PAX,BREAK
TRXUSDC,TRX,USDC,TRADING
BTTBTC,BTT,BTC,BREAK
BTTBNB,BTT,BNB,BREAK
BTTUSDT,BTT,USDT,BREAK
BNBUSDS,BNB,USDS,BREAK
BTCUSDS,BTC,USDS,BREAK
USDSUSDT,USDS,USDT,BREAK
USDSPAX,USDS,PAX,BREAK
USDSTUSD,USDS,TUSD,BREAK
USDSUSDC,USDS,USDC,BREAK
BTTPAX,BTT,PAX,BREAK
BTTTUSD,BTT,TUSD,BREAK
BTTUSDC,BTT,USDC,BREAK
ONGBNB,ONG,BNB,BREAK
ONGBTC,ONG,BTC,TRADING
ONGUSDT,ONG,USDT,TRADING
HOTBNB,HOT,BNB,BREAK
HOTUSDT,HOT,USDT,TRADING
ZILUSDT,ZIL,USDT,TRADING
ZRXBNB,ZRX,BNB,BREAK
ZRXUSDT,ZRX,USDT,TRADING
FETBNB,FET,BNB,TRADING
FETBTC,FET,BTC,TRADING
FETUSDT,FET,USDT,TRADING
BATUSDT,BAT,USDT,TRADING
XMRBNB,XMR,BNB,BREAK
XMRUSDT,XMR,USDT,BREAK
ZECBNB,ZEC,BNB,BREAK
ZECUSDT,ZEC,USDT,TRADING
ZECPAX,ZEC,PAX,BREAK
ZECTUSD,ZEC,TUSD,BREAK
ZECUSDC,ZEC,USDC,BREAK
IOSTUSDT,IOST,USDT,TRADING
CELRBNB,CELR,BNB,BREAK
CELRBTC,CELR,BTC,TRADING
CELRUSDT,CELR,USDT,TRADING
ADAPAX,ADA,PAX,BREAK
ADAUSDC,ADA,USDC,TRADING
NEOPAX,NEO,PAX,BREAK
NEOUSDC,NEO,USDC,TRADING
DASHBNB,DASH,BNB,BREAK
DASHUSDT,DASH,USDT,TRADING
NANOUSDT,NANO,USDT,BREAK
OMGBNB,OMG,BNB,BREAK
OMGUSDT,OMG,USDT,BREAK
THETAUSDT,THETA,USDT,TRADING
ENJUSDT,ENJ,USDT,TRADING
MITHUSDT,MITH,USDT,BREAK
MATICBNB,MATIC,BNB,BREAK
MATICBTC,MATIC,BTC,BREAK
MATICUSDT,MATIC,USDT,BREAK
ATOMBNB,ATOM,BNB,BREAK
ATOMBTC,ATOM,BTC,TRADING
ATOMUSDT,ATOM,USDT,TRADING
ATOMUSDC,ATOM,USDC,TRADING
ATOMPAX,ATOM,PAX,BREAK
ATOMTUSD,ATOM,TUSD,BREAK
ETCUSDC,ETC,USDC,BREAK
ETCPAX,ETC,PAX,BREAK
ETCTUSD,ETC,TUSD,BREAK
BATUSDC,BAT,USDC,BREAK
BATPAX,BAT,PAX,BREAK
BATTUSD,BAT,TUSD,BREAK
PHBBNB,PHB,BNB,BREAK
PHBBTC,PHB,BTC,TRADING
PHBUSDC,PHB,USDC,BREAK
PHBTUSD,PHB,TUSD,BREAK
PHBPAX,PHB,PAX,BREAK
TFUELBNB,TFUEL,BNB,BREAK
TFUELBTC,TFUEL,BTC,TRADING
TFUELUSDT,TFUEL,USDT,TRADING
TFUELUSDC,TFUEL,USDC,BREAK
TFUELTUSD,TFUEL,TUSD,BREAK
TFUELPAX,TFUEL,PAX,BREAK
ONEBNB,ONE,BNB,BREAK
ONEBTC,ONE,BTC,TRADING
ONEUSDT,ONE,USDT,TRADING
ONETUSD,ONE,TUSD,BREAK
ONEPAX,ONE,PAX,BREAK
ONEUSDC,ONE,USDC,BREAK
FTMBNB,FTM,BNB,TRADING
FTMBTC,FTM,BTC,TRADING
FTMUSDT,FTM,USDT,TRADING
FTMTUSD,FTM,TUSD,BREAK
FTMPAX,FTM,PAX,BREAK
FTMUSDC,FTM,USDC,TRADING
BTCBBTC,BTCB,BTC,BREAK
BCPTTUSD,BCPT,TUSD,BREAK
BCPTPAX,BCPT,PAX,BREAK
BCPTUSDC,BCPT,USDC,BREAK
ALGOBNB,ALGO,BNB,BREAK
ALGOBTC,ALGO,BTC,TRADING
ALGOUSDT,ALGO,USDT,TRADING
ALGOTUSD,ALGO,TUSD,BREAK
ALGOPAX,ALGO,PAX,BREAK
ALGOUSDC,ALGO,USDC,TRADING
USDSBUSDT,USDSB,USDT,BREAK
USDSBUSDS,USDSB,USDS,BREAK
GTOUSDT,GTO,USDT,BREAK
GTOPAX,GTO,PAX,BREAK
GTOTUSD,GTO,TUSD,BREAK
GTOUSDC,GTO,USDC,BREAK
ERDBNB,ERD,BNB,BREAK
ERDBTC,ERD,BTC,BREAK
ERDUSDT,ERD,USDT,BREAK
ERDPAX,ERD,PAX,BREAK
ERDUSDC,ERD,USDC,BREAK
DOGEBNB,DOGE,BNB,BREAK
DOGEBTC,DOGE,BTC,TRADING
DOGEUSDT,DOGE,USDT,TRADING
DOGEPAX,DOGE,PAX,BREAK
DOGEUSDC,DOGE,USDC,TRADING
DUSKBNB,DUSK,BNB,BREAK
DUSKBTC,DUSK,BTC,TRADING
DUSKUSDT,DUSK,USDT,TRADING
DUSKUSDC,DUSK,USDC,BREAK
DUSKPAX,DUSK,PAX,BREAK
BGBPUSDC,BGBP,USDC,BREAK
ANKRBNB,ANKR,BNB,BREAK
ANKRBTC,ANKR,BTC,TRADING
ANKRUSDT,ANKR,USDT,TRADING
ANKRTUSD,ANKR,TUSD,BREAK
ANKRPAX,ANKR,PAX,BREAK
ANKRUSDC,ANKR,USDC,BREAK
ONTPAX,ONT,PAX,BREAK
ONTUSDC,ONT,USDC,TRADING
WINBNB,WIN,BNB,TRADING
WINBTC,WIN,BTC,BREAK
WINUSDT,WIN,USDT,TRADING
WINUSDC,WIN,USDC,BREAK
COSBNB,COS,BNB,BREAK
COSBTC,COS,BTC,BREAK
COSUSDT,COS,USDT,TRADING
TUSDBTUSD,TUSDB,TUSD,BREAK
NPXSUSDT,NPXS,USDT,BREAK
NPXSUSDC,NPXS,USDC,BREAK
COCOSBNB,COCOS,BNB,BREAK
COCOSBTC,COCOS,BTC,BREAK
COCOSUSDT,COCOS,USDT,BREAK
MTLUSDT,MTL,USDT,TRADING
TOMOBNB,TOMO,BNB,BREAK
TOMOBTC,TOMO,BTC,BREAK
TOMOUSDT,TOMO,USDT,BREAK
TOMOUSDC,TOMO,USDC,BREAK
PERLBNB,PERL,BNB,BREAK
PERLBTC,PERL,BTC,BREAK
PERLUSDC,PERL,USDC,BREAK
PERLUSDT,PERL,USDT,BREAK
DENTUSDT,DENT,USDT,TRADING
MFTUSDT,MFT,USDT,BREAK
KEYUSDT,KEY,USDT,TRADING
STORMUSDT,STORM,USDT,BREAK
DOCKUSDT,DOCK,USDT,BREAK
WANUSDT,WAN,USDT,TRADING
FUNUSDT,FUN,USDT,TRADING
CVCUSDT,CVC,USDT,TRADING
BTTTRX,BTT,TRX,BREAK
WINTRX,WIN,TRX,TRADING
CHZBNB,CHZ,BNB,TRADING
CHZBTC,CHZ,BTC,TRADING
CHZUSDT,CHZ,USDT,TRADING
BANDBNB,BAND,BNB,BREAK
BANDBTC,BAND,BTC,TRADING
BANDUSDT,BAND,USDT,TRADING
BNBBUSD,BNB,BUSD,BREAK
BTCBUSD,BTC,BUSD,BREAK
BUSDUSDT,BUSD,USDT,BREAK
BEAMBNB,BEAM,BNB,BREAK
BEAMBTC,BEAM,BTC,BREAK
BEAMUSDT,BEAM,USDT,BREAK
XTZBNB,XTZ,BNB,BREAK
XTZBTC,XTZ,BTC,TRADING
XTZUSDT,XTZ,USDT,TRADING
RENUSDT,REN,USDT,TRADING
RVNUSDT,RVN,USDT,TRADING
HCUSDT,HC,USDT,BREAK
HBARBNB,HBAR,BNB,TRADING
HBARBTC,HBAR,BTC,TRADING
HBARUSDT,HBAR,USDT,TRADING
NKNBNB,NKN,BNB,BREAK
NKNBTC,NKN,BTC,TRADING
NKNUSDT,NKN,USDT,TRADING
XRPBUSD,XRP,BUSD,BREAK
ETHBUSD,ETH,BUSD,BREAK
BCHABCBUSD,BCHABC,BUSD,BREAK
LTCBUSD,LTC,BUSD,BREAK
LINKBUSD,LINK,BUSD,BREAK
ETCBUSD,ETC,BUSD,BREAK
STXBNB,STX,BNB,TRADING
STXBTC,STX,BTC,TRADING
STXUSDT,STX,USDT,TRADING
KAVABNB,KAVA,BNB,BREAK
KAVABTC,KAVA,BTC,TRADING
KAVAUSDT,KAVA,USDT,TRADING
BUSDNGN,BUSD,NGN,BREAK
BNBNGN,BNB,NGN,BREAK
BTCNGN,BTC,NGN,BREAK
ARPABNB,ARPA,BNB,BREAK
ARPABTC,ARPA,BTC,TRADING
ARPAUSDT,ARPA,USDT,TRADING
TRXBUSD,TRX,BUSD,BREAK
EOSBUSD,EOS,BUSD,BREAK
IOTXUSDT,IOTX,USDT,TRADING
RLCUSDT,RLC,USDT,TRADING
MCOUSDT,MCO,USDT,BREAK
XLMBUSD,XLM,BUSD,BREAK
ADABUSD,ADA,BUSD,BREAK
CTXCBNB,CTXC,BNB,BREAK
CTXCBTC,CTXC,BTC,TRADING
CTXCUSDT,CTXC,USDT,TRADING
BCHBNB,BCH,BNB,TRADING
BCHBTC,BCH,BTC,TRADING
BCHUSDT,BCH,USDT,TRADING
BCHUSDC,BCH,USDC,TRADING
BCHTUSD,BCH,TUSD,BREAK
BCHPAX,BCH,PAX,BREAK
BCHBUSD,BCH,BUSD,BREAK
BTCRUB,BTC,RUB,BREAK
ETHRUB,ETH,RUB,BREAK
XRPRUB,XRP,RUB,BREAK
BNBRUB,BNB,RUB,BREAK
TROYBNB,TROY,BNB,BREAK
TROYBTC,TROY,BTC,BREAK
TROYUSDT,TROY,USDT,TRADING
BUSDRUB,BUSD,RUB,BREAK
QTUMBUSD,QTUM,BUSD,BREAK
VETBUSD,VET,BUSD,BREAK
VITEBNB,VITE,BNB,BREAK
VITEBTC,VITE,BTC,TRADING
VITEUSDT,VITE,USDT,TRADING
FTTBNB,FTT,BNB,BREAK
FTTBTC,FTT,BTC,BREAK
FTTUSDT,FTT,USDT,TRADING
BTCTRY,BTC,TRY,TRADING
BNBTRY,BNB,TRY,TRADING
BUSDTRY,BUSD,TRY,BREAK
ETHTRY,ETH,TRY,TRADING
XRPTRY,XRP,TRY,TRADING
USDTTRY,USDT,TRY,TRADING
USDTRUB,USDT,RUB,BREAK
BTCEUR,BTC,EUR,TRADING
ETHEUR,ETH,EUR,TRADING
BNBEUR,BNB,EUR,TRADING
XRPEUR,XRP,EUR,TRADING
EURBUSD,EUR,BUSD,BREAK
EURUSDT,EUR,USDT,TRADING
OGNBNB,OGN,BNB,BREAK
OGNBTC,OGN,BTC,TRADING
OGNUSDT,OGN,USDT,TRADING
DREPBNB,DREP,BNB,BREAK
DREPBTC,DREP,BTC,BREAK
DREPUSDT,DREP,USDT,BREAK
BULLUSDT,BULL,USDT,BREAK
BULLBUSD,BULL,BUSD,BREAK
BEARUSDT,BEAR,USDT,BREAK
BEARBUSD,BEAR,BUSD,BREAK
ETHBULLUSDT,ETHBULL,USDT,BREAK
ETHBULLBUSD,ETHBULL,BUSD,BREAK
ETHBEARUSDT,ETHBEAR,USDT,BREAK
ETHBEARBUSD,ETHBEAR,BUSD,BREAK
TCTBNB,TCT,BNB,BREAK
TCTBTC,TCT,BTC,BREAK
TCTUSDT,TCT,USDT,BREAK
WRXBNB,WRX,BNB,BREAK
WRXBTC,WRX,BTC,BREAK
WRXUSDT,WRX,USDT,TRADING
ICXBUSD,ICX,BUSD,BREAK
BTSUSDT,BTS,USDT,BREAK
BTSBUSD,BTS,BUSD,BREAK
LSKUSDT,LSK,USDT,TRADING
BNTUSDT,BNT,USDT,TRADING
BNTBUSD,BNT,BUSD,BREAK
LTOBNB,LTO,BNB,BREAK
LTOBTC,LTO,BTC,TRADING
LTOUSDT,LTO,USDT,TRADING
ATOMBUSD,ATOM,BUSD,BREAK
DASHBUSD,DASH,BUSD,BREAK
NEOBUSD,NEO,BUSD,BREAK
WAVESBUSD,WAVES,BUSD,BREAK
XTZBUSD,XTZ,BUSD,BREAK
EOSBULLUSDT,EOSBULL,USDT,BREAK
EOSBULLBUSD,EOSBULL,BUSD,BREAK
EOSBEARUSDT,EOSBEAR,USDT,BREAK
EOSBEARBUSD,EOSBEAR,BUSD,BREAK
XRPBULLUSDT,XRPBULL,USDT,BREAK
XRPBULLBUSD,XRPBULL,BUSD,BREAK
XRPBEARUSDT,XRPBEAR,USDT,BREAK
XRPBEARBUSD,XRPBEAR,BUSD,BREAK
BATBUSD,BAT,BUSD,BREAK
ENJBUSD,ENJ,BUSD,BREAK
NANOBUSD,NANO,BUSD,BREAK
ONTBUSD,ONT,BUSD,BREAK
RVNBUSD,RVN,BUSD,BREAK
STRATBUSD,STRAT,BUSD,BREAK
STRATBNB,STRAT,BNB,BREAK
STRATUSDT,STRAT,USDT,BREAK
AIONBUSD,AION,BUSD,BREAK
AIONUSDT,AION,USDT,BREAK
MBLBNB,MBL,BNB,BREAK
MBLBTC,MBL,BTC,BREAK
MBLUSDT,MBL,USDT,TRADING
COTIBNB,COTI,BNB,BREAK
COTIBTC,COTI,BTC,TRADING
COTIUSDT,COTI,USDT,TRADING
ALGOBUSD,ALGO,BUSD,BREAK
BTTBUSD,BTT,BUSD,BREAK
TOMOBUSD,TOMO,BUSD,BREAK
XMRBUSD,XMR,BUSD,BREAK
ZECBUSD,ZEC,BUSD,BREAK
BNBBULLUSDT,BNBBULL,USDT,BREAK
BNBBULLBUSD,BNBBULL,BUSD,BREAK
BNBBEARUSDT,BNBBEAR,USDT,BREAK
BNBBEARBUSD,BNBBEAR,BUSD,BREAK
STPTBNB,STPT,BNB,BREAK
STPTBTC,STPT,BTC,TRADING
STPTUSDT,STPT,USDT,TRADING
BTCZAR,BTC,ZAR,TRADING
ETHZAR,ETH,ZAR,TRADING
BNBZAR,BNB,ZAR,BREAK
USDTZAR,USDT,ZAR,TRADING
BUSDZAR,BUSD,ZAR,BREAK
BTCBKRW,BTC,BKRW,BREAK
ETHBKRW,ETH,BKRW,BREAK
BNBBKRW,BNB,BKRW,BREAK
WTCUSDT,WTC,USDT,BREAK
DATABUSD,DATA,BUSD,BREAK
DATAUSDT,DATA,USDT,TRADING
XZCUSDT,XZC,USDT,BREAK
SOLBNB,SOL,BNB,TRADING
SOLBTC,SOL,BTC,TRADING
SOLUSDT,SOL,USDT,TRADING
SOLBUSD,SOL,BUSD,BREAK
BTCIDRT,BTC,IDRT,BREAK
BNBIDRT,BNB,IDRT,BREAK
USDTIDRT,USDT,IDRT,BREAK
BUSDIDRT,BUSD,IDRT,BREAK
CTSIBTC,CTSI,BTC,TRADING
CTSIUSDT,CTSI,USDT,TRADING
CTSIBNB,CTSI,BNB,BREAK
CTSIBUSD,CTSI,BUSD,BREAK
HIVEBNB,HIVE,BNB,BREAK
HIVEBTC,HIVE,BTC,TRADING
HIVEUSDT,HIVE,USDT,TRADING
CHRBNB,CHR,BNB,BREAK
CHRBTC,CHR,BTC,TRADING
CHRUSDT,CHR,USDT,TRADING
BTCUPUSDT,BTCUP,USDT,BREAK
BTCDOWNUSDT,BTCDOWN,USDT,BREAK
GXSUSDT,GXS,USDT,BREAK
ARDRUSDT,ARDR,USDT,TRADING
ERDBUSD,ERD,BUSD,BREAK
LENDUSDT,LEND,USDT,BREAK
HBARBUSD,HBAR,BUSD,BREAK
MATICBUSD,MATIC,BUSD,BREAK
WRXBUSD,WRX,BUSD,BREAK
ZILBUSD,ZIL,BUSD,BREAK
MDTBNB,MDT,BNB,BREAK
MDTBTC,MDT,BTC,TRADING
MDTUSDT,MDT,USDT,TRADING
STMXBTC,STMX,BTC,BREAK
STMXETH,STMX,ETH,BREAK
STMXUSDT,STMX,USDT,TRADING
KNCBUSD,KNC,BUSD,BREAK
KNCUSDT,KNC,USDT,TRADING
REPBUSD,REP,BUSD,BREAK
REPUSDT,REP,USDT,BREAK
LRCBUSD,LRC,BUSD,BREAK
LRCUSDT,LRC,USDT,TRADING
IQBNB,IQ,BNB,BREAK
IQBUSD,IQ,BUSD,BREAK
PNTBTC,PNT,BTC,BREAK
PNTUSDT,PNT,USDT,BREAK
BTCGBP,BTC,GBP,BREAK
ETHGBP,ETH,GBP,BREAK
XRPGBP,XRP,GBP,BREAK
BNBGBP,BNB,GBP,BREAK
GBPBUSD,GBP,BUSD,BREAK
DGBBTC,DGB,BTC,BREAK
DGBBUSD,DGB,BUSD,BREAK
BTCUAH,BTC,UAH,TRADING
USDTUAH,USDT,UAH,TRADING
COMPBTC,COMP,BTC,TRADING
COMPBNB,COMP,BNB,BREAK
COMPBUSD,COMP,BUSD,BREAK
COMPUSDT,COMP,USDT,TRADING
BTCBIDR,BTC,BIDR,BREAK
ETHBIDR,ETH,BIDR,BREAK
BNBBIDR,BNB,BIDR,BREAK
BUSDBIDR,BUSD,BIDR,BREAK
USDTBIDR,USDT,BIDR,BREAK
BKRWUSDT,BKRW,USDT,BREAK
BKRWBUSD,BKRW,BUSD,BREAK
SCUSDT,SC,USDT,TRADING
ZENUSDT,ZEN,USDT,TRADING
SXPBTC,SXP,BTC,TRADING
SXPBNB,SXP,BNB,BREAK
SXPBUSD,SXP,BUSD,BREAK
SNXBTC,SNX,BTC,TRADING
SNXBNB,SNX,BNB,BREAK
SNXBUSD,SNX,BUSD,BREAK
SNXUSDT,SNX,USDT,TRADING
ETHUPUSDT,ETHUP,USDT,BREAK
ETHDOWNUSDT,ETHDOWN,USDT,BREAK
ADAUPUSDT,ADAUP,USDT,BREAK
ADADOWNUSDT,ADADOWN,USDT,BREAK
LINKUPUSDT,LINKUP,USDT,BREAK
LINKDOWNUSDT,LINKDOWN,USDT,BREAK
VTHOBNB,VTHO,BNB,BREAK
VTHOBUSD,VTHO,BUSD,BREAK
VTHOUSDT,VTHO,USDT,TRADING
DCRBUSD,DCR,BUSD,BREAK
DGBUSDT,DGB,USDT,TRADING
GBPUSDT,GBP,USDT,BREAK
STORJBUSD,STORJ,BUSD,BREAK
SXPUSDT,SXP,USDT,TRADING
IRISBNB,IRIS,BNB,BREAK
IRISBTC,IRIS,BTC,BREAK
IRISBUSD,IRIS,BUSD,BREAK
MKRBNB,MKR,BNB,BREAK
MKRBTC,MKR,BTC,TRADING
MKRUSDT,MKR,USDT,TRADING
MKRBUSD,MKR,BUSD,BREAK
DAIBNB,DAI,BNB,BREAK
DAIBTC,DAI,BTC,BREAK
DAIUSDT,DAI,USDT,BREAK
DAIBUSD,DAI,BUSD,BREAK
RUNEBNB,RUNE,BNB,TRADING
RUNEBTC,RUNE,BTC,TRADING
RUNEBUSD,RUNE,BUSD,BREAK
MANABUSD,MANA,BUSD,BREAK
DOGEBUSD,DOGE,BUSD,BREAK
LENDBUSD,LEND,BUSD,BREAK
ZRXBUSD,ZRX,BUSD,BREAK
DCRUSDT,DCR,USDT,TRADING
STORJUSDT,STORJ,USDT,TRADING
XRPBKRW,XRP,BKRW,BREAK
ADABKRW,ADA,BKRW,BREAK
BTCAUD,BTC,AUD,BREAK
ETHAUD,ETH,AUD,BREAK
AUDBUSD,AUD,BUSD,BREAK
FIOBNB,FIO,BNB,BREAK
FIOBTC,FIO,BTC,TRADING
FIOBUSD,FIO,BUSD,BREAK
BNBUPUSDT,BNBUP,USDT,BREAK
BNBDOWNUSDT,BNBDOWN,USDT,BREAK
XTZUPUSDT,XTZUP,USDT,BREAK
XTZDOWNUSDT,XTZDOWN,USDT,BREAK
AVABNB,AVA,BNB,BREAK
AVABTC,AVA,BTC,TRADING
AVABUSD,AVA,BUSD,BREAK
USDTBKRW,USDT,BKRW,BREAK
BUSDBKRW,BUSD,BKRW,BREAK
IOTABUSD,IOTA,BUSD,BREAK
MANAUSDT,MANA,USDT,TRADING
XRPAUD,XRP,AUD,BREAK
BNBAUD,BNB,AUD,BREAK
AUDUSDT,AUD,USDT,BREAK
BALBNB,BAL,BNB,BREAK
BALBTC,BAL,BTC,BREAK
BALBUSD,BAL,BUSD,BREAK
YFIBNB,YFI,BNB,BREAK
YFIBTC,YFI,BTC,TRADING
YFIBUSD,YFI,BUSD,BREAK
YFIUSDT,YFI,USDT,TRADING
BLZBUSD,BLZ,BUSD,BREAK
KMDBUSD,KMD,BUSD,BREAK
BALUSDT,BAL,USDT,TRADING
BLZUSDT,BLZ,USDT,TRADING
IRISUSDT,IRIS,USDT,TRADING
KMDUSDT,KMD,USDT,TRADING
BTCDAI,BTC,DAI,TRADING
ETHDAI,ETH,DAI,TRADING
BNBDAI,BNB,DAI,BREAK
USDTDAI,USDT,DAI,TRADING
BUSDDAI,BUSD,DAI,BREAK
JSTBNB,JST,BNB,BREAK
JSTBTC,JST,BTC,TRADING
JSTBUSD,JST,BUSD,BREAK
JSTUSDT,JST,USDT,TRADING
SRMBNB,SRM,BNB,BREAK
SRMBTC,SRM,BTC,BREAK
SRMBUSD,SRM,BUSD,BREAK
SRMUSDT,SRM,USDT,BREAK
ANTBNB,ANT,BNB,BREAK
ANTBTC,ANT,BTC,BREAK
ANTBUSD,ANT,BUSD,BREAK
ANTUSDT,ANT,USDT,BREAK
CRVBNB,CRV,BNB,BREAK
CRVBTC,CRV,BTC,TRADING
CRVBUSD,CRV,BUSD,BREAK
CRVUSDT,CRV,USDT,TRADING
SANDBNB,SAND,BNB,BREAK
SANDBTC,SAND,BTC,TRADING
SANDUSDT,SAND,USDT,TRADING
SANDBUSD,SAND,BUSD,BREAK
OCEANBNB,OCEAN,BNB,BREAK
OCEANBTC,OCEAN,BTC,BREAK
OCEANBUSD,OCEAN,BUSD,BREAK
OCEANUSDT,OCEAN,USDT,BREAK
NMRBTC,NMR,BTC,TRADING
NMRBUSD,NMR,BUSD,BREAK
NMRUSDT,NMR,USDT,TRADING
DOTBNB,DOT,BNB,TRADING
DOTBTC,DOT,BTC,TRADING
DOTBUSD,DOT,BUSD,BREAK
DOTUSDT,DOT,USDT,TRADING
LUNABNB,LUNA,BNB,BREAK
LUNABTC,LUNA,BTC,BREAK
LUNABUSD,LUNA,BUSD,BREAK
LUNAUSDT,LUNA,USDT,TRADING
IDEXBTC,IDEX,BTC,TRADING
IDEXBUSD,IDEX,BUSD,BREAK
RSRBNB,RSR,BNB,BREAK
RSRBTC,RSR,BTC,BREAK
RSRBUSD,RSR,BUSD,BREAK
RSRUSDT,RSR,USDT,TRADING
PAXGBNB,PAXG,BNB,BREAK
PAXGBTC,PAXG,BTC,TRADING
PAXGBUSD,PAXG,BUSD,BREAK
PAXGUSDT,PAXG,USDT,TRADING
WNXMBNB,WNXM,BNB,BREAK
WNXMBTC,WNXM,BTC,BREAK
WNXMBUSD,WNXM,BUSD,BREAK
WNXMUSDT,WNXM,USDT,BREAK
TRBBNB,TRB,BNB,BREAK
TRBBTC,TRB,BTC,TRADING
TRBBUSD,TRB,BUSD,BREAK
TRBUSDT,TRB,USDT,TRADING
ETHNGN,ETH,NGN,BREAK
DOTBIDR,DOT,BIDR,BREAK
LINKAUD,LINK,AUD,BREAK
SXPAUD,SXP,AUD,BREAK
BZRXBNB,BZRX,BNB,BREAK
BZRXBTC,BZRX,BTC,BREAK
BZRXBUSD,BZRX,BUSD,BREAK
BZRXUSDT,BZRX,USDT,BREAK
WBTCBTC,WBTC,BTC,TRADING
WBTCETH,WBTC,ETH,TRADING
SUSHIBNB,SUSHI,BNB,BREAK
SUSHIBTC,SUSHI,BTC,TRADING
SUSHIBUSD,SUSHI,BUSD,BREAK
SUSHIUSDT,SUSHI,USDT,TRADING
YFIIBNB,YFII,BNB,BREAK
YFIIBTC,YFII,BTC,BREAK
YFIIBUSD,YFII,BUSD,BREAK
YFIIUSDT,YFII,USDT,BREAK
KSMBNB,KSM,BNB,BREAK
KSMBTC,KSM,BTC,TRADING
KSMBUSD,KSM,BUSD,BREAK
KSMUSDT,KSM,USDT,TRADING
EGLDBNB,EGLD,BNB,TRADING
EGLDBTC,EGLD,BTC,TRADING
EGLDBUSD,EGLD,BUSD,BREAK
EGLDUSDT,EGLD,USDT,TRADING
DIABNB,DIA,BNB,BREAK
DIABTC,DIA,BTC,TRADING
DIABUSD,DIA,BUSD,BREAK
DIAUSDT,DIA,USDT,TRADING
RUNEUSDT,RUNE,USDT,TRADING
FIOUSDT,FIO,USDT,TRADING
UMABTC,UMA,BTC,TRADING
UMAUSDT,UMA,USDT,TRADING
EOSUPUSDT,EOSUP,USDT,BREAK
EOSDOWNUSDT,EOSDOWN,USDT,BREAK
TRXUPUSDT,TRXUP,USDT,BREAK
TRXDOWNUSDT,TRXDOWN,USDT,BREAK
XRPUPUSDT,XRPUP,USDT,BREAK
XRPDOWNUSDT,XRPDOWN,USDT,BREAK
DOTUPUSDT,DOTUP,USDT,BREAK
DOTDOWNUSDT,DOTDOWN,USDT,BREAK
SRMBIDR,SRM,BIDR,BREAK
ONEBIDR,ONE,BIDR,BREAK
LINKTRY,LINK,TRY,TRADING
USDTNGN,USDT,NGN,BREAK
BELBNB,BEL,BNB,BREAK
BELBTC,BEL,BTC,TRADING
BELBUSD,BEL,BUSD,BREAK
BELUSDT,BEL,USDT,TRADING
WINGBNB,WING,BNB,BREAK
WINGBTC,WING,BTC,BREAK
SWRVBNB,SWRV,BNB,BREAK
SWRVBUSD,SWRV,BUSD,BREAK
WINGBUSD,WING,BUSD,BREAK
WINGUSDT,WING,USDT,TRADING
LTCUPUSDT,LTCUP,USDT,BREAK
LTCDOWNUSDT,LTCDOWN,USDT,BREAK
LENDBKRW,LEND,BKRW,BREAK
SXPEUR,SXP,EUR,BREAK
CREAMBNB,CREAM,BNB,BREAK
CREAMBUSD,CREAM,BUSD,BREAK
UNIBNB,UNI,BNB,BREAK
UNIBTC,UNI,BTC,TRADING
UNIBUSD,UNI,BUSD,BREAK
UNIUSDT,UNI,USDT,TRADING
NBSBTC,NBS,BTC,BREAK
NBSUSDT,NBS,USDT,BREAK
OXTBTC,OXT,BTC,TRADING
OXTUSDT,OXT,USDT,TRADING
SUNBTC,SUN,BTC,BREAK
SUNUSDT,SUN,USDT,TRADING
AVAXBNB,AVAX,BNB,TRADING
AVAXBTC,AVAX,BTC,TRADING
AVAXBUSD,AVAX,BUSD,BREAK
AVAXUSDT,AVAX,USDT,TRADING
HNTBTC,HNT,BTC,BREAK
HNTUSDT,HNT,USDT,BREAK
BAKEBNB,BAKE,BNB,BREAK
BURGERBNB,BURGER,BNB,BREAK
SXPBIDR,SXP,BIDR,BREAK
LINKBKRW,LINK,BKRW,BREAK
FLMBNB,FLM,BNB,BREAK
FLMBTC,FLM,BTC,TRADING
FLMBUSD,FLM,BUSD,BREAK
FLMUSDT,FLM,USDT,TRADING
SCRTBTC,SCRT,BTC,TRADING
SCRTETH,SCRT,ETH,BREAK
CAKEBNB,CAKE,BNB,TRADING
CAKEBUSD,CAKE,BUSD,BREAK
SPARTABNB,SPARTA,BNB,BREAK
UNIUPUSDT,UNIUP,USDT,BREAK
UNIDOWNUSDT,UNIDOWN,USDT,BREAK
ORNBTC,ORN,BTC,BREAK
ORNUSDT,ORN,USDT,BREAK
TRXNGN,TRX,NGN,BREAK
SXPTRY,SXP,TRY,TRADING
UTKBTC,UTK,BTC,BREAK
UTKUSDT,UTK,USDT,TRADING
XVSBNB,XVS,BNB,TRADING
XVSBTC,XVS,BTC,TRADING
XVSBUSD,XVS,BUSD,BREAK
XVSUSDT,XVS,USDT,TRADING
ALPHABNB,ALPHA,BNB,BREAK
ALPHABTC,ALPHA,BTC,TRADING
ALPHABUSD,ALPHA,BUSD,BREAK
ALPHAUSDT,ALPHA,USDT,TRADING
VIDTBTC,VIDT,BTC,TRADING
VIDTBUSD,VIDT,BUSD,BREAK
AAVEBNB,AAVE,BNB,BREAK
BTCBRL,BTC,BRL,TRADING
USDTBRL,USDT,BRL,TRADING
AAVEBTC,AAVE,BTC,TRADING
AAVEETH,AAVE,ETH,TRADING
AAVEBUSD,AAVE,BUSD,BREAK
AAVEUSDT,AAVE,USDT,TRADING
AAVEBKRW,AAVE,BKRW,BREAK
NEARBNB,NEAR,BNB,TRADING
NEARBTC,NEAR,BTC,TRADING
NEARBUSD,NEAR,BUSD,BREAK
NEARUSDT,NEAR,USDT,TRADING
SXPUPUSDT,SXPUP,USDT,BREAK
SXPDOWNUSDT,SXPDOWN,USDT,BREAK
DOTBKRW,DOT,BKRW,BREAK
SXPGBP,SXP,GBP,BREAK
FILBNB,FIL,BNB,BREAK
FILBTC,FIL,BTC,TRADING
FILBUSD,FIL,BUSD,BREAK
FILUSDT,FIL,USDT,TRADING
FILUPUSDT,FILUP,USDT,BREAK
FILDOWNUSDT,FILDOWN,USDT,BREAK
YFIUPUSDT,YFIUP,USDT,BREAK
YFIDOWNUSDT,YFIDOWN,USDT,BREAK
INJBNB,INJ,BNB,TRADING
INJBTC,INJ,BTC,TRADING
INJBUSD,INJ,BUSD,BREAK
INJUSDT,INJ,USDT,TRADING
AERGOBTC,AERGO,BTC,BREAK
AERGOBUSD,AERGO,BUSD,BREAK
LINKEUR,LINK,EUR,TRADING
ONEBUSD,ONE,BUSD,BREAK
EASYETH,EASY,ETH,BREAK
AUDIOBTC,AUDIO,BTC,TRADING
AUDIOBUSD,AUDIO,BUSD,BREAK
AUDIOUSDT,AUDIO,USDT,TRADING
CTKBNB,CTK,BNB,TRADING
CTKBTC,CTK,BTC,TRADING
CTKBUSD,CTK,BUSD,BREAK
CTKUSDT,CTK,USDT,TRADING
BCHUPUSDT,BCHUP,USDT,BREAK
BCHDOWNUSDT,BCHDOWN,USDT,BREAK
BOTBTC,BOT,BTC,BREAK
BOTBUSD,BOT,BUSD,BREAK
ETHBRL,ETH,BRL,TRADING
DOTEUR,DOT,EUR,TRADING
AKROBTC,AKRO,BTC,BREAK
AKROUSDT,AKRO,USDT,TRADING
KP3RBNB,KP3R,BNB,BREAK
KP3RBUSD,KP3R,BUSD,BREAK
AXSBNB,AXS,BNB,TRADING
AXSBTC,AXS,BTC,TRADING
AXSBUSD,AXS,BUSD,BREAK
AXSUSDT,AXS,USDT,TRADING
HARDBNB,HARD,BNB,BREAK
HARDBTC,HARD,BTC,BREAK
HARDBUSD,HARD,BUSD,BREAK
HARDUSDT,HARD,USDT,TRADING
BNBBRL,BNB,BRL,TRADING
LTCEUR,LTC,EUR,TRADING
RENBTCBTC,RENBTC,BTC,BREAK
RENBTCETH,RENBTC,ETH,BREAK
DNTBUSD,DNT,BUSD,BREAK
DNTUSDT,DNT,USDT,BREAK
SLPETH,SLP,ETH,TRADING
ADAEUR,ADA,EUR,TRADING
LTCNGN,LTC,NGN,BREAK
CVPETH,CVP,ETH,BREAK
CVPBUSD,CVP,BUSD,BREAK
STRAXBTC,STRAX,BTC,TRADING
STRAXETH,STRAX,ETH,BREAK
STRAXBUSD,STRAX,BUSD,BREAK
STRAXUSDT,STRAX,USDT,TRADING
FORBTC,FOR,BTC,BREAK
FORBUSD,FOR,BUSD,BREAK
UNFIBNB,UNFI,BNB,BREAK
UNFIBTC,UNFI,BTC,BREAK
UNFIBUSD,UNFI,BUSD,BREAK
UNFIUSDT,UNFI,USDT,BREAK
FRONTETH,FRONT,ETH,BREAK
FRONTBUSD,FRONT,BUSD,BREAK
BCHABUSD,BCHA,BUSD,BREAK
ROSEBTC,ROSE,BTC,TRADING
ROSEBUSD,ROSE,BUSD,BREAK
ROSEUSDT,ROSE,USDT,TRADING
AVAXTRY,AVAX,TRY,TRADING
BUSDBRL,BUSD,BRL,BREAK
AVAUSDT,AVA,USDT,TRADING
SYSBUSD,SYS,BUSD,BREAK
XEMUSDT,XEM,USDT,BREAK
HEGICETH,HEGIC,ETH,BREAK
HEGICBUSD,HEGIC,BUSD,BREAK
AAVEUPUSDT,AAVEUP,USDT,BREAK
AAVEDOWNUSDT,AAVEDOWN,USDT,BREAK
PROMBNB,PROM,BNB,BREAK
PROMBUSD,PROM,BUSD,BREAK
XRPBRL,XRP,BRL,TRADING
XRPNGN,XRP,NGN,BREAK
SKLBTC,SKL,BTC,TRADING
SKLBUSD,SKL,BUSD,BREAK
SKLUSDT,SKL,USDT,TRADING
BCHEUR,BCH,EUR,TRADING
YFIEUR,YFI,EUR,BREAK
ZILBIDR,ZIL,BIDR,BREAK
SUSDBTC,SUSD,BTC,BREAK
SUSDETH,SUSD,ETH,BREAK
SUSDUSDT,SUSD,USDT,BREAK
COVERETH,COVER,ETH,BREAK
COVERBUSD,COVER,BUSD,BREAK
GLMBTC,GLM,BTC,TRADING
GLMETH,GLM,ETH,BREAK
GHSTETH,GHST,ETH,BREAK
GHSTBUSD,GHST,BUSD,BREAK
SUSHIUPUSDT,SUSHIUP,USDT,BREAK
SUSHIDOWNUSDT,SUSHIDOWN,USDT,BREAK
XLMUPUSDT,XLMUP,USDT,BREAK
XLMDOWNUSDT,XLMDOWN,USDT,BREAK
LINKBRL,LINK,BRL,TRADING
LINKNGN,LINK,NGN,BREAK
LTCRUB,LTC,RUB,BREAK
TRXTRY,TRX,TRY,TRADING
XLMEUR,XLM,EUR,TRADING
DFETH,DF,ETH,BREAK
DFBUSD,DF,BUSD,BREAK
GRTBTC,GRT,BTC,TRADING
GRTETH,GRT,ETH,TRADING
GRTUSDT,GRT,USDT,TRADING
JUVBTC,JUV,BTC,BREAK
JUVBUSD,JUV,BUSD,BREAK
JUVUSDT,JUV,USDT,TRADING
PSGBTC,PSG,BTC,BREAK
PSGBUSD,PSG,BUSD,BREAK
PSGUSDT,PSG,USDT,TRADING
BUSDBVND,BUSD,BVND,BREAK
USDTBVND,USDT,BVND,BREAK
1INCHBTC,1INCH,BTC,TRADING
1INCHUSDT,1INCH,USDT,TRADING
REEFBTC,REEF,BTC,BREAK
REEFUSDT,REEF,USDT,BREAK
OGBTC,OG,BTC,TRADING
OGUSDT,OG,USDT,TRADING
ATMBTC,ATM,BTC,BREAK
ATMUSDT,ATM,USDT,TRADING
ASRBTC,ASR,BTC,BREAK
ASRUSDT,ASR,USDT,TRADING
CELOBTC,CELO,BTC,TRADING
CELOUSDT,CELO,USDT,TRADING
RIFBTC,RIF,BTC,TRADING
RIFUSDT,RIF,USDT,TRADING
CHZTRY,CHZ,TRY,TRADING
XLMTRY,XLM,TRY,TRADING
LINKGBP,LINK,GBP,BREAK
GRTEUR,GRT,EUR,TRADING
BTCSTBTC,BTCST,BTC,BREAK
BTCSTBUSD,BTCST,BUSD,BREAK
BTCSTUSDT,BTCST,USDT,BREAK
TRUBTC,TRU,BTC,TRADING
TRUBUSD,TRU,BUSD,BREAK
TRUUSDT,TRU,USDT,TRADING
DEXEETH,DEXE,ETH,BREAK
DEXEBUSD,DEXE,BUSD,BREAK
EOSEUR,EOS,EUR,BREAK
LTCBRL,LTC,BRL,TRADING
USDCBUSD,USDC,BUSD,BREAK
TUSDBUSD,TUSD,BUSD,BREAK
PAXBUSD,PAX,BUSD,BREAK
CKBBTC,CKB,BTC,BREAK
CKBBUSD,CKB,BUSD,BREAK
CKBUSDT,CKB,USDT,TRADING
TWTBTC,TWT,BTC,TRADING
TWTBUSD,TWT,BUSD,BREAK
TWTUSDT,TWT,USDT,TRADING
FIROBTC,FIRO,BTC,BREAK
FIROETH,FIRO,ETH,BREAK
FIROUSDT,FIRO,USDT,TRADING
BETHETH,BETH,ETH,BREAK
DOGEEUR,DOGE,EUR,TRADING
DOGETRY,DOGE,TRY,TRADING
DOGEAUD,DOGE,AUD,BREAK
DOGEBRL,DOGE,BRL,TRADING
DOTNGN,DOT,NGN,BREAK
PROSETH,PROS,ETH,BREAK
LITBTC,LIT,BTC,TRADING
LITBUSD,LIT,BUSD,BREAK
LITUSDT,LIT,USDT,TRADING
BTCVAI,BTC,VAI,BREAK
BUSDVAI,BUSD,VAI,BREAK
SFPBTC,SFP,BTC,TRADING
SFPBUSD,SFP,BUSD,BREAK
SFPUSDT,SFP,USDT,TRADING
DOGEGBP,DOGE,GBP,BREAK
DOTTRY,DOT,TRY,TRADING
FXSBTC,FXS,BTC,BREAK
FXSBUSD,FXS,BUSD,BREAK
DODOBTC,DODO,BTC,TRADING
DODOBUSD,DODO,BUSD,BREAK
DODOUSDT,DODO,USDT,TRADING
FRONTBTC,FRONT,BTC,BREAK
EASYBTC,EASY,BTC,BREAK
CAKEBTC,CAKE,BTC,TRADING
CAKEUSDT,CAKE,USDT,TRADING
BAKEBUSD,BAKE,BUSD,BREAK
UFTETH,UFT,ETH,BREAK
UFTBUSD,UFT,BUSD,BREAK
1INCHBUSD,1INCH,BUSD,BREAK
BANDBUSD,BAND,BUSD,BREAK
GRTBUSD,GRT,BUSD,BREAK
IOSTBUSD,IOST,BUSD,BREAK
OMGBUSD,OMG,BUSD,BREAK
REEFBUSD,REEF,BUSD,BREAK
ACMBTC,ACM,BTC,BREAK
ACMBUSD,ACM,BUSD,BREAK
ACMUSDT,ACM,USDT,TRADING
AUCTIONBTC,AUCTION,BTC,TRADING
AUCTIONBUSD,AUCTION,BUSD,BREAK
PHABTC,PHA,BTC,TRADING
PHABUSD,PHA,BUSD,BREAK
DOTGBP,DOT,GBP,BREAK
ADATRY,ADA,TRY,TRADING
ADABRL,ADA,BRL,TRADING
ADAGBP,ADA,GBP,BREAK
TVKBTC,TVK,BTC,BREAK
TVKBUSD,TVK,BUSD,BREAK
BADGERBTC,BADGER,BTC,TRADING
BADGERBUSD,BADGER,BUSD,BREAK
BADGERUSDT,BADGER,USDT,TRADING
FISBTC,FIS,BTC,TRADING
FISBUSD,FIS,BUSD,BREAK
FISUSDT,FIS,USDT,TRADING
DOTBRL,DOT,BRL,TRADING
ADAAUD,ADA,AUD,BREAK
HOTTRY,HOT,TRY,TRADING
EGLDEUR,EGLD,EUR,TRADING
OMBTC,OM,BTC,TRADING
OMBUSD,OM,BUSD,BREAK
OMUSDT,OM,USDT,TRADING
PONDBTC,POND,BTC,TRADING
PONDBUSD,POND,BUSD,BREAK
PONDUSDT,POND,USDT,TRADING
DEGOBTC,DEGO,BTC,BREAK
DEGOBUSD,DEGO,BUSD,BREAK
DEGOUSDT,DEGO,USDT,TRADING
AVAXEUR,AVAX,EUR,TRADING
BTTTRY,BTT,TRY,BREAK
CHZBRL,CHZ,BRL,BREAK
UNIEUR,UNI,EUR,BREAK
ALICEBTC,ALICE,BTC,TRADING
ALICEBUSD,ALICE,BUSD,BREAK
ALICEUSDT,ALICE,USDT,TRADING
CHZBUSD,CHZ,BUSD,BREAK
CHZEUR,CHZ,EUR,BREAK
CHZGBP,CHZ,GBP,BREAK
BIFIBNB,BIFI,BNB,BREAK
BIFIBUSD,BIFI,BUSD,BREAK
LINABTC,LINA,BTC,BREAK
LINABUSD,LINA,BUSD,BREAK
LINAUSDT,LINA,USDT,TRADING
ADARUB,ADA,RUB,BREAK
ENJBRL,ENJ,BRL,BREAK
ENJEUR,ENJ,EUR,BREAK
MATICEUR,MATIC,EUR,BREAK
NEOTRY,NEO,TRY,TRADING
PERPBTC,PERP,BTC,TRADING
PERPBUSD,PERP,BUSD,BREAK
PERPUSDT,PERP,USDT,TRADING
RAMPBTC,RAMP,BTC,BREAK
RAMPBUSD,RAMP,BUSD,BREAK
RAMPUSDT,RAMP,USDT,BREAK
SUPERBTC,SUPER,BTC,TRADING
SUPERBUSD,SUPER,BUSD,BREAK
SUPERUSDT,SUPER,USDT,TRADING
CFXBTC,CFX,BTC,TRADING
CFXBUSD,CFX,BUSD,BREAK
CFXUSDT,CFX,USDT,TRADING
ENJGBP,ENJ,GBP,BREAK
EOSTRY,EOS,TRY,TRADING
LTCGBP,LTC,GBP,BREAK
LUNAEUR,LUNA,EUR,BREAK
RVNTRY,RVN,TRY,TRADING
THETAEUR,THETA,EUR,BREAK
XVGBUSD,XVG,BUSD,BREAK
EPSBTC,EPS,BTC,BREAK
EPSBUSD,EPS,BUSD,BREAK
EPSUSDT,EPS,USDT,BREAK
AUTOBTC,AUTO,BTC,BREAK
AUTOBUSD,AUTO,BUSD,BREAK
AUTOUSDT,AUTO,USDT,BREAK
TKOBTC,TKO,BTC,TRADING
TKOBIDR,TKO,BIDR,BREAK
TKOBUSD,TKO,BUSD,BREAK
TKOUSDT,TKO,USDT,TRADING
PUNDIXETH,PUNDIX,ETH,BREAK
PUNDIXUSDT,PUNDIX,USDT,TRADING
BTTBRL,BTT,BRL,BREAK
BTTEUR,BTT,EUR,BREAK
HOTEUR,HOT,EUR,BREAK
WINEUR,WIN,EUR,TRADING
TLMBTC,TLM,BTC,TRADING
TLMBUSD,TLM,BUSD,BREAK
TLMUSDT,TLM,USDT,TRADING
1INCHUPUSDT,1INCHUP,USDT,BREAK
1INCHDOWNUSDT,1INCHDOWN,USDT,BREAK
BTGBUSD,BTG,BUSD,BREAK
BTGUSDT,BTG,USDT,BREAK
HOTBUSD,HOT,BUSD,BREAK
BNBUAH,BNB,UAH,TRADING
ONTTRY,ONT,TRY,TRADING
VETEUR,VET,EUR,TRADING
VETGBP,VET,GBP,BREAK
WINBRL,WIN,BRL,BREAK
MIRBTC,MIR,BTC,BREAK
MIRBUSD,MIR,BUSD,BREAK
MIRUSDT,MIR,USDT,BREAK
BARBTC,BAR,BTC,BREAK
BARBUSD,BAR,BUSD,BREAK
BARUSDT,BAR,USDT,TRADING
FORTHBTC,FORTH,BTC,TRADING
FORTHBUSD,FORTH,BUSD,BREAK
FORTHUSDT,FORTH,USDT,TRADING
CAKEGBP,CAKE,GBP,BREAK
DOGERUB,DOGE,RUB,BREAK
HOTBRL,HOT,BRL,BREAK
WRXEUR,WRX,EUR,BREAK
EZBTC,EZ,BTC,BREAK
EZETH,EZ,ETH,BREAK
BAKEUSDT,BAKE,USDT,TRADING
BURGERBUSD,BURGER,BUSD,BREAK
BURGERUSDT,BURGER,USDT,TRADING
SLPBUSD,SLP,BUSD,BREAK
SLPUSDT,SLP,USDT,TRADING
TRXAUD,TRX,AUD,BREAK
TRXEUR,TRX,EUR,TRADING
VETTRY,VET,TRY,TRADING
SHIBUSDT,SHIB,USDT,TRADING
SHIBBUSD,SHIB,BUSD,BREAK
ICPBTC,ICP,BTC,TRADING
ICPBNB,ICP,BNB,BREAK
ICPBUSD,ICP,BUSD,BREAK
ICPUSDT,ICP,USDT,TRADING
SHIBEUR,SHIB,EUR,TRADING
SHIBRUB,SHIB,RUB,BREAK
ETCEUR,ETC,EUR,BREAK
ETCBRL,ETC,BRL,BREAK
DOGEBIDR,DOGE,BIDR,BREAK
ARBTC,AR,BTC,TRADING
ARBNB,AR,BNB,BREAK
ARBUSD,AR,BUSD,BREAK
ARUSDT,AR,USDT,TRADING
POLSBTC,POLS,BTC,BREAK
POLSBNB,POLS,BNB,BREAK
POLSBUSD,POLS,BUSD,BREAK
POLSUSDT,POLS,USDT,BREAK
MDXBTC,MDX,BTC,BREAK
MDXBNB,MDX,BNB,BREAK
MDXBUSD,MDX,BUSD,BREAK
MDXUSDT,MDX,USDT,BREAK
MASKBNB,MASK,BNB,TRADING
MASKBUSD,MASK,BUSD,BREAK
MASKUSDT,MASK,USDT,TRADING
LPTBTC,LPT,BTC,TRADING
LPTBNB,LPT,BNB,TRADING
LPTBUSD,LPT,BUSD,BREAK
LPTUSDT,LPT,USDT,TRADING
ETHUAH,ETH,UAH,TRADING
MATICBRL,MATIC,BRL,BREAK
SOLEUR,SOL,EUR,TRADING
SHIBBRL,SHIB,BRL,TRADING
AGIXBTC,AGIX,BTC,BREAK
ICPEUR,ICP,EUR,TRADING
MATICGBP,MATIC,GBP,BREAK
SHIBTRY,SHIB,TRY,TRADING
MATICBIDR,MATIC,BIDR,BREAK
MATICRUB,MATIC,RUB,BREAK
NUBTC,NU,BTC,BREAK
NUBNB,NU,BNB,BREAK
NUBUSD,NU,BUSD,BREAK
NUUSDT,NU,USDT,BREAK
XVGUSDT,XVG,USDT,TRADING
RLCBUSD,RLC,BUSD,BREAK
CELRBUSD,CELR,BUSD,BREAK
ATMBUSD,ATM,BUSD,BREAK
ZENBUSD,ZEN,BUSD,BREAK
FTMBUSD,FTM,BUSD,BREAK
THETABUSD,THETA,BUSD,BREAK
WINBUSD,WIN,BUSD,BREAK
KAVABUSD,KAVA,BUSD,BREAK
XEMBUSD,XEM,BUSD,BREAK
ATABTC,ATA,BTC,TRADING
ATABNB,ATA,BNB,BREAK
ATABUSD,ATA,BUSD,BREAK
ATAUSDT,ATA,USDT,TRADING
GTCBTC,GTC,BTC,TRADING
GTCBNB,GTC,BNB,BREAK
GTCBUSD,GTC,BUSD,BREAK
GTCUSDT,GTC,USDT,TRADING
TORNBTC,TORN,BTC,BREAK
TORNBNB,TORN,BNB,BREAK
TORNBUSD,TORN,BUSD,BREAK
TORNUSDT,TORN,USDT,BREAK
MATICTRY,MATIC,TRY,BREAK
ETCGBP,ETC,GBP,BREAK
SOLGBP,SOL,GBP,BREAK
BAKEBTC,BAKE,BTC,TRADING
COTIBUSD,COTI,BUSD,BREAK
KEEPBTC,KEEP,BTC,BREAK
KEEPBNB,KEEP,BNB,BREAK
KEEPBUSD,KEEP,BUSD,BREAK
KEEPUSDT,KEEP,USDT,BREAK
SOLTRY,SOL,TRY,TRADING
RUNEGBP,RUNE,GBP,BREAK
SOLBRL,SOL,BRL,TRADING
SCBUSD,SC,BUSD,BREAK
CHRBUSD,CHR,BUSD,BREAK
STMXBUSD,STMX,BUSD,BREAK
HNTBUSD,HNT,BUSD,BREAK
FTTBUSD,FTT,BUSD,BREAK
DOCKBUSD,DOCK,BUSD,BREAK
ADABIDR,ADA,BIDR,BREAK
ERNBNB,ERN,BNB,BREAK
ERNBUSD,ERN,BUSD,BREAK
ERNUSDT,ERN,USDT,TRADING
KLAYBTC,KLAY,BTC,BREAK
KLAYBNB,KLAY,BNB,BREAK
KLAYBUSD,KLAY,BUSD,BREAK
KLAYUSDT,KLAY,USDT,BREAK
RUNEEUR,RUNE,EUR,BREAK
MATICAUD,MATIC,AUD,BREAK
DOTRUB,DOT,RUB,BREAK
UTKBUSD,UTK,BUSD,BREAK
IOTXBUSD,IOTX,BUSD,BREAK
PHAUSDT,PHA,USDT,TRADING
SOLRUB,SOL,RUB,BREAK
RUNEAUD,RUNE,AUD,BREAK
BUSDUAH,BUSD,UAH,BREAK
BONDBTC,BOND,BTC,BREAK
BONDBNB,BOND,BNB,BREAK
BONDBUSD,BOND,BUSD,BREAK
BONDUSDT,BOND,USDT,BREAK
MLNBTC,MLN,BTC,TRADING
MLNBNB,MLN,BNB,BREAK
MLNBUSD,MLN,BUSD,BREAK
MLNUSDT,MLN,USDT,TRADING
GRTTRY,GRT,TRY,TRADING
CAKEBRL,CAKE,BRL,BREAK
ICPRUB,ICP,RUB,BREAK
DOTAUD,DOT,AUD,BREAK
AAVEBRL,AAVE,BRL,BREAK
EOSAUD,EOS,AUD,BREAK
DEXEUSDT,DEXE,USDT,TRADING
LTOBUSD,LTO,BUSD,BREAK
ADXBUSD,ADX,BUSD,BREAK
QUICKBTC,QUICK,BTC,BREAK
QUICKBNB,QUICK,BNB,BREAK
QUICKBUSD,QUICK,BUSD,BREAK
C98USDT,C98,USDT,TRADING
C98BUSD,C98,BUSD,BREAK
C98BNB,C98,BNB,BREAK
C98BTC,C98,BTC,TRADING
CLVBTC,CLV,BTC,TRADING
CLVBNB,CLV,BNB,BREAK
CLVBUSD,CLV,BUSD,BREAK
CLVUSDT,CLV,USDT,TRADING
QNTBTC,QNT,BTC,TRADING
QNTBNB,QNT,BNB,BREAK
QNTBUSD,QNT,BUSD,BREAK
QNTUSDT,QNT,USDT,TRADING
FLOWBTC,FLOW,BTC,TRADING
FLOWBNB,FLOW,BNB,BREAK
FLOWBUSD,FLOW,BUSD,BREAK
FLOWUSDT,FLOW,USDT,TRADING
XECBUSD,XEC,BUSD,BREAK
AXSBRL,AXS,BRL,BREAK
AXSAUD,AXS,AUD,BREAK
TVKUSDT,TVK,USDT,BREAK
MINABTC,MINA,BTC,TRADING
MINABNB,MINA,BNB,BREAK
MINABUSD,MINA,BUSD,BREAK
MINAUSDT,MINA,USDT,TRADING
RAYBNB,RAY,BNB,TRADING
RAYBUSD,RAY,BUSD,BREAK
RAYUSDT,RAY,USDT,TRADING
FARMBTC,FARM,BTC,BREAK
FARMBNB,FARM,BNB,BREAK
FARMBUSD,FARM,BUSD,BREAK
FARMUSDT,FARM,USDT,TRADING
ALPACABTC,ALPACA,BTC,BREAK
ALPACABNB,ALPACA,BNB,BREAK
ALPACABUSD,ALPACA,BUSD,BREAK
ALPACAUSDT,ALPACA,USDT,TRADING
TLMTRY,TLM,TRY,TRADING
QUICKUSDT,QUICK,USDT,TRADING
ORNBUSD,ORN,BUSD,BREAK
MBOXBTC,MBOX,BTC,TRADING
MBOXBNB,MBOX,BNB,BREAK
MBOXBUSD,MBOX,BUSD,BREAK
MBOXUSDT,MBOX,USDT,TRADING
VGXBTC,VGX,BTC,BREAK
VGXETH,VGX,ETH,BREAK
FORUSDT,FOR,USDT,BREAK
REQUSDT,REQ,USDT,TRADING
GHSTUSDT,GHST,USDT,TRADING
TRURUB,TRU,RUB,BREAK
FISBRL,FIS,BRL,BREAK
WAXPUSDT,WAXP,USDT,TRADING
WAXPBUSD,WAXP,BUSD,BREAK
WAXPBNB,WAXP,BNB,BREAK
WAXPBTC,WAXP,BTC,TRADING
TRIBEBTC,TRIBE,BTC,BREAK
TRIBEBNB,TRIBE,BNB,BREAK
TRIBEBUSD,TRIBE,BUSD,BREAK
TRIBEUSDT,TRIBE,USDT,BREAK
GNOUSDT,GNO,USDT,TRADING
GNOBUSD,GNO,BUSD,BREAK
GNOBNB,GNO,BNB,BREAK
GNOBTC,GNO,BTC,BREAK
ARPATRY,ARPA,TRY,TRADING
PROMBTC,PROM,BTC,BREAK
MTLBUSD,MTL,BUSD,BREAK
OGNBUSD,OGN,BUSD,BREAK
XECUSDT,XEC,USDT,TRADING
C98BRL,C98,BRL,BREAK
SOLAUD,SOL,AUD,BREAK
XRPBIDR,XRP,BIDR,BREAK
POLYBUSD,POLY,BUSD,BREAK
ELFUSDT,ELF,USDT,TRADING
DYDXUSDT,DYDX,USDT,TRADING
DYDXBUSD,DYDX,BUSD,BREAK
DYDXBNB,DYDX,BNB,BREAK
DYDXBTC,DYDX,BTC,TRADING
ELFBUSD,ELF,BUSD,BREAK
POLYUSDT,POLY,USDT,BREAK
IDEXUSDT,IDEX,USDT,TRADING
VIDTUSDT,VIDT,USDT,TRADING
SOLBIDR,SOL,BIDR,BREAK
BTCUSDP,BTC,USDP,BREAK
ETHUSDP,ETH,USDP,BREAK
BNBUSDP,BNB,USDP,BREAK
USDPBUSD,USDP,BUSD,BREAK
USDPUSDT,USDP,USDT,TRADING
GALAUSDT,GALA,USDT,TRADING
GALABUSD,GALA,BUSD,BREAK
GALABNB,GALA,BNB,TRADING
GALABTC,GALA,BTC,TRADING
FTMBIDR,FTM,BIDR,BREAK
ALGOBIDR,ALGO,BIDR,BREAK
CAKEAUD,CAKE,AUD,BREAK
KSMAUD,KSM,AUD,BREAK
WAVESRUB,WAVES,RUB,BREAK
SUNBUSD,SUN,BUSD,BREAK
ILVUSDT,ILV,USDT,TRADING
ILVBUSD,ILV,BUSD,BREAK
ILVBNB,ILV,BNB,BREAK
ILVBTC,ILV,BTC,TRADING
RENBUSD,REN,BUSD,BREAK
YGGUSDT,YGG,USDT,TRADING
YGGBUSD,YGG,BUSD,BREAK
YGGBNB,YGG,BNB,BREAK
YGGBTC,YGG,BTC,TRADING
STXBUSD,STX,BUSD,BREAK
SYSUSDT,SYS,USDT,TRADING
DFUSDT,DF,USDT,TRADING
SOLUSDC,SOL,USDC,TRADING
ARPARUB,ARPA,RUB,BREAK
LTCUAH,LTC,UAH,BREAK
FETBUSD,FET,BUSD,BREAK
ARPABUSD,ARPA,BUSD,BREAK
LSKBUSD,LSK,BUSD,BREAK
AVAXBIDR,AVAX,BIDR,BREAK
ALICEBIDR,ALICE,BIDR,BREAK
FIDAUSDT,FIDA,USDT,TRADING
FIDABUSD,FIDA,BUSD,BREAK
FIDABNB,FIDA,BNB,BREAK
FIDABTC,FIDA,BTC,TRADING
DENTBUSD,DENT,BUSD,BREAK
FRONTUSDT,FRONT,USDT,BREAK
CVPUSDT,CVP,USDT,BREAK
AGLDBTC,AGLD,BTC,TRADING
AGLDBNB,AGLD,BNB,BREAK
AGLDBUSD,AGLD,BUSD,BREAK
AGLDUSDT,AGLD,USDT,TRADING
RADBTC,RAD,BTC,TRADING
RADBNB,RAD,BNB,BREAK
RADBUSD,RAD,BUSD,BREAK
RADUSDT,RAD,USDT,TRADING
UNIAUD,UNI,AUD,BREAK
HIVEBUSD,HIVE,BUSD,BREAK
STPTBUSD,STPT,BUSD,BREAK
BETABTC,BETA,BTC,BREAK
BETABNB,BETA,BNB,BREAK
BETABUSD,BETA,BUSD,BREAK
BETAUSDT,BETA,USDT,TRADING
SHIBAUD,SHIB,AUD,BREAK
RAREBTC,RARE,BTC,TRADING
RAREBNB,RARE,BNB,BREAK
RAREBUSD,RARE,BUSD,BREAK
RAREUSDT,RARE,USDT,TRADING
AVAXBRL,AVAX,BRL,TRADING
AVAXAUD,AVAX,AUD,BREAK
LUNAAUD,LUNA,AUD,BREAK
TROYBUSD,TROY,BUSD,BREAK
AXSETH,AXS,ETH,TRADING
FTMETH,FTM,ETH,TRADING
SOLETH,SOL,ETH,TRADING
SSVBTC,SSV,BTC,TRADING
SSVETH,SSV,ETH,TRADING
LAZIOTRY,LAZIO,TRY,TRADING
LAZIOEUR,LAZIO,EUR,BREAK
LAZIOBTC,LAZIO,BTC,BREAK
LAZIOUSDT,LAZIO,USDT,TRADING
CHESSBTC,CHESS,BTC,BREAK
CHESSBNB,CHESS,BNB,BREAK
CHESSBUSD,CHESS,BUSD,BREAK
CHESSUSDT,CHESS,USDT,TRADING
FTMAUD,FTM,AUD,BREAK
FTMBRL,FTM,BRL,BREAK
SCRTBUSD,SCRT,BUSD,BREAK
ADXUSDT,ADX,USDT,TRADING
AUCTIONUSDT,AUCTION,USDT,TRADING
CELOBUSD,CELO,BUSD,BREAK
FTMRUB,FTM,RUB,BREAK
NUAUD,NU,AUD,BREAK
NURUB,NU,RUB,BREAK
REEFTRY,REEF,TRY,BREAK
REEFBIDR,REEF,BIDR,BREAK
SHIBDOGE,SHIB,DOGE,TRADING
DARUSDT,DAR,USDT,TRADING
DARBUSD,DAR,BUSD,BREAK
DARBNB,DAR,BNB,BREAK
DARBTC,DAR,BTC,BREAK
BNXBTC,BNX,BTC,TRADING
BNXBNB,BNX,BNB,BREAK
BNXBUSD,BNX,BUSD,BREAK
BNXUSDT,BNX,USDT,TRADING
RGTUSDT,RGT,USDT,BREAK
RGTBTC,RGT,BTC,BREAK
RGTBUSD,RGT,BUSD,BREAK
RGTBNB,RGT,BNB,BREAK
LAZIOBUSD,LAZIO,BUSD,BREAK
OXTBUSD,OXT,BUSD,BREAK
MANATRY,MANA,TRY,TRADING
ALGORUB,ALGO,RUB,BREAK
SHIBUAH,SHIB,UAH,BREAK
LUNABIDR,LUNA,BIDR,BREAK
AUDUSDC,AUD,USDC,BREAK
MOVRBTC,MOVR,BTC,TRADING
MOVRBNB,MOVR,BNB,BREAK
MOVRBUSD,MOVR,BUSD,BREAK
MOVRUSDT,MOVR,USDT,TRADING
CITYBTC,CITY,BTC,BREAK
CITYBNB,CITY,BNB,BREAK
CITYBUSD,CITY,BUSD,BREAK
CITYUSDT,CITY,USDT,TRADING
ENSBTC,ENS,BTC,TRADING
ENSBNB,ENS,BNB,BREAK
ENSBUSD,ENS,BUSD,BREAK
ENSUSDT,ENS,USDT,TRADING
SANDETH,SAND,ETH,BREAK
DOTETH,DOT,ETH,TRADING
MATICETH,MATIC,ETH,BREAK
ANKRBUSD,ANKR,BUSD,BREAK
SANDTRY,SAND,TRY,TRADING
MANABRL,MANA,BRL,BREAK
KP3RUSDT,KP3R,USDT,BREAK
QIUSDT,QI,USDT,TRADING
QIBUSD,QI,BUSD,BREAK
QIBNB,QI,BNB,BREAK
QIBTC,QI,BTC,TRADING
PORTOBTC,PORTO,BTC,BREAK
PORTOUSDT,PORTO,USDT,TRADING
PORTOTRY,PORTO,TRY,TRADING
PORTOEUR,PORTO,EUR,BREAK
POWRUSDT,POWR,USDT,TRADING
POWRBUSD,POWR,BUSD,BREAK
AVAXETH,AVAX,ETH,TRADING
SLPTRY,SLP,TRY,TRADING
FISTRY,FIS,TRY,BREAK
LRCTRY,LRC,TRY,TRADING
CHRETH,CHR,ETH,BREAK
FISBIDR,FIS,BIDR,BREAK
VGXUSDT,VGX,USDT,BREAK
GALAETH,GALA,ETH,TRADING
JASMYUSDT,JASMY,USDT,TRADING
JASMYBUSD,JASMY,BUSD,BREAK
JASMYBNB,JASMY,BNB,BREAK
JASMYBTC,JASMY,BTC,BREAK
AMPBTC,AMP,BTC,BREAK
AMPBNB,AMP,BNB,BREAK
AMPBUSD,AMP,BUSD,BREAK
AMPUSDT,AMP,USDT,TRADING
PLABTC,PLA,BTC,BREAK
PLABNB,PLA,BNB,BREAK
PLABUSD,PLA,BUSD,BREAK
PLAUSDT,PLA,USDT,BREAK
PYRBTC,PYR,BTC,TRADING
PYRBUSD,PYR,BUSD,BREAK
PYRUSDT,PYR,USDT,TRADING
RNDRBTC,RNDR,BTC,BREAK
RNDRUSDT,RNDR,USDT,BREAK
RNDRBUSD,RNDR,BUSD,BREAK
ALCXBTC,ALCX,BTC,BREAK
ALCXBUSD,ALCX,BUSD,BREAK
ALCXUSDT,ALCX,USDT,TRADING
SANTOSBTC,SANTOS,BTC,TRADING
SANTOSUSDT,SANTOS,USDT,TRADING
SANTOSBRL,SANTOS,BRL,BREAK
SANTOSTRY,SANTOS,TRY,TRADING
MCBTC,MC,BTC,BREAK
MCBUSD,MC,BUSD,BREAK
MCUSDT,MC,USDT,BREAK
BELTRY,BEL,TRY,TRADING
COCOSBUSD,COCOS,BUSD,BREAK
DENTTRY,DENT,TRY,TRADING
ENJTRY,ENJ,TRY,TRADING
NEORUB,NEO,RUB,BREAK
SANDAUD,SAND,AUD,BREAK
SLPBIDR,SLP,BIDR,BREAK
ANYBTC,ANY,BTC,BREAK
ANYBUSD,ANY,BUSD,BREAK
ANYUSDT,ANY,USDT,BREAK
BICOBTC,BICO,BTC,TRADING
BICOBUSD,BICO,BUSD,BREAK
BICOUSDT,BICO,USDT,TRADING
FLUXBTC,FLUX,BTC,TRADING
FLUXBUSD,FLUX,BUSD,BREAK
FLUXUSDT,FLUX,USDT,TRADING
ALICETRY,ALICE,TRY,TRADING
FXSUSDT,FXS,USDT,TRADING
GALABRL,GALA,BRL,TRADING
GALATRY,GALA,TRY,TRADING
LUNATRY,LUNA,TRY,TRADING
REQBUSD,REQ,BUSD,BREAK
SANDBRL,SAND,BRL,BREAK
MANABIDR,MANA,BIDR,BREAK
SANDBIDR,SAND,BIDR,BREAK
VOXELBTC,VOXEL,BTC,BREAK
VOXELBNB,VOXEL,BNB,BREAK
VOXELBUSD,VOXEL,BUSD,BREAK
VOXELUSDT,VOXEL,USDT,TRADING
COSBUSD,COS,BUSD,BREAK
CTXCBUSD,CTXC,BUSD,BREAK
FTMTRY,FTM,TRY,TRADING
MANABNB,MANA,BNB,BREAK
MINATRY,MINA,TRY,TRADING
XTZTRY,XTZ,TRY,BREAK
HIGHBTC,HIGH,BTC,TRADING
HIGHBUSD,HIGH,BUSD,BREAK
HIGHUSDT,HIGH,USDT,TRADING
CVXBTC,CVX,BTC,BREAK
CVXBUSD,CVX,BUSD,BREAK
CVXUSDT,CVX,USDT,TRADING
PEOPLEBTC,PEOPLE,BTC,TRADING
PEOPLEBUSD,PEOPLE,BUSD,BREAK
PEOPLEUSDT,PEOPLE,USDT,TRADING
OOKIBUSD,OOKI,BUSD,BREAK
OOKIUSDT,OOKI,USDT,BREAK
COCOSTRY,COCOS,TRY,BREAK
GXSBNB,GXS,BNB,BREAK
LINKBNB,LINK,BNB,TRADING
LUNAETH,LUNA,ETH,BREAK
MDTBUSD,MDT,BUSD,BREAK
NULSBUSD,NULS,BUSD,BREAK
SPELLBTC,SPELL,BTC,BREAK
SPELLUSDT,SPELL,USDT,TRADING
SPELLBUSD,SPELL,BUSD,BREAK
USTBTC,UST,BTC,BREAK
USTBUSD,UST,BUSD,BREAK
USTUSDT,UST,USDT,BREAK
JOEBTC,JOE,BTC,TRADING
JOEBUSD,JOE,BUSD,BREAK
JOEUSDT,JOE,USDT,TRADING
ATOMETH,ATOM,ETH,TRADING
DUSKBUSD,DUSK,BUSD,BREAK
EGLDETH,EGLD,ETH,TRADING
ICPETH,ICP,ETH,TRADING
LUNABRL,LUNA,BRL,BREAK
LUNAUST,LUNA,UST,BREAK
NEARETH,NEAR,ETH,TRADING
ROSEBNB,ROSE,BNB,BREAK
VOXELETH,VOXEL,ETH,BREAK
ALICEBNB,ALICE,BNB,BREAK
ATOMTRY,ATOM,TRY,TRADING
ETHUST,ETH,UST,BREAK
GALAAUD,GALA,AUD,BREAK
LRCBNB,LRC,BNB,BREAK
ONEETH,ONE,ETH,BREAK
OOKIBNB,OOKI,BNB,BREAK
ACHBTC,ACH,BTC,TRADING
ACHBUSD,ACH,BUSD,BREAK
ACHUSDT,ACH,USDT,TRADING
IMXBTC,IMX,BTC,TRADING
IMXBUSD,IMX,BUSD,BREAK
IMXUSDT,IMX,USDT,TRADING
GLMRBTC,GLMR,BTC,TRADING
GLMRBUSD,GLMR,BUSD,BREAK
GLMRUSDT,GLMR,USDT,TRADING
ATOMBIDR,ATOM,BIDR,BREAK
DYDXETH,DYDX,ETH,BREAK
FARMETH,FARM,ETH,BREAK
FORBNB,FOR,BNB,BREAK
ICPTRY,ICP,TRY,TRADING
JASMYETH,JASMY,ETH,BREAK
LINABNB,LINA,BNB,BREAK
OOKIETH,OOKI,ETH,BREAK
ROSEETH,ROSE,ETH,TRADING
UMABUSD,UMA,BUSD,BREAK
UNIETH,UNI,ETH,TRADING
XTZETH,XTZ,ETH,BREAK
LOKABTC,LOKA,BTC,TRADING
LOKABNB,LOKA,BNB,BREAK
LOKABUSD,LOKA,BUSD,BREAK
LOKAUSDT,LOKA,USDT,TRADING
ATOMBRL,ATOM,BRL,BREAK
BNBUST,BNB,UST,BREAK
CRVETH,CRV,ETH,BREAK
HIGHBNB,HIGH,BNB,BREAK
NEARRUB,NEAR,RUB,BREAK
ROSETRY,ROSE,TRY,TRADING
SCRTUSDT,SCRT,USDT,TRADING
API3BTC,API3,BTC,TRADING
API3BUSD,API3,BUSD,BREAK
API3USDT,API3,USDT,TRADING
BTTCUSDT,BTTC,USDT,TRADING
BTTCUSDC,BTTC,USDC,BREAK
BTTCTRY,BTTC,TRY,TRADING
ACABTC,ACA,BTC,TRADING
ACABUSD,ACA,BUSD,BREAK
ACAUSDT,ACA,USDT,TRADING
ANCBTC,ANC,BTC,BREAK
ANCBUSD,ANC,BUSD,BREAK
ANCUSDT,ANC,USDT,BREAK
BDOTDOT,BDOT,DOT,BREAK
XNOBTC,XNO,BTC,TRADING
XNOETH,XNO,ETH,BREAK
XNOBUSD,XNO,BUSD,BREAK
XNOUSDT,XNO,USDT,TRADING
COSTRY,COS,TRY,TRADING
KAVAETH,KAVA,ETH,BREAK
MCBNB,MC,BNB,BREAK
ONETRY,ONE,TRY,TRADING
WOOBTC,WOO,BTC,TRADING
WOOBNB,WOO,BNB,BREAK
WOOBUSD,WOO,BUSD,BREAK
WOOUSDT,WOO,USDT,TRADING
CELRETH,CELR,ETH,BREAK
PEOPLEBNB,PEOPLE,BNB,BREAK
SLPBNB,SLP,BNB,BREAK
SPELLBNB,SPELL,BNB,BREAK
SPELLTRY,SPELL,TRY,TRADING
TFUELBUSD,TFUEL,BUSD,BREAK
AXSTRY,AXS,TRY,TRADING
DARTRY,DAR,TRY,TRADING
NEARTRY,NEAR,TRY,TRADING
IDEXBNB,IDEX,BNB,BREAK
ALPINEEUR,ALPINE,EUR,BREAK
ALPINETRY,ALPINE,TRY,TRADING
ALPINEUSDT,ALPINE,USDT,TRADING
ALPINEBTC,ALPINE,BTC,BREAK
TUSDT,T,USDT,TRADING
TBUSD,T,BUSD,BREAK
API3BNB,API3,BNB,BREAK
BETAETH,BETA,ETH,BREAK
INJTRY,INJ,TRY,TRADING
TLMBNB,TLM,BNB,BREAK
ASTRBUSD,ASTR,BUSD,BREAK
ASTRUSDT,ASTR,USDT,TRADING
API3TRY,API3,TRY,TRADING
GLMRBNB,GLMR,BNB,BREAK
MBOXTRY,MBOX,TRY,TRADING
GMTBTC,GMT,BTC,TRADING
GMTBNB,GMT,BNB,BREAK
GMTBUSD,GMT,BUSD,BREAK
GMTUSDT,GMT,USDT,TRADING
ANCBNB,ANC,BNB,BREAK
ATOMEUR,ATOM,EUR,TRADING
GALAEUR,GALA,EUR,TRADING
KSMETH,KSM,ETH,BREAK
UMATRY,UMA,TRY,TRADING
KDABTC,KDA,BTC,TRADING
KDABUSD,KDA,BUSD,BREAK
KDAUSDT,KDA,USDT,TRADING
APEUSDT,APE,USDT,TRADING
APEBUSD,APE,BUSD,BREAK
APEBTC,APE,BTC,TRADING
ALPINEBUSD,ALPINE,BUSD,BREAK
LUNAGBP,LUNA,GBP,BREAK
NEAREUR,NEAR,EUR,TRADING
TWTTRY,TWT,TRY,TRADING
WAVESEUR,WAVES,EUR,BREAK
APEEUR,APE,EUR,BREAK
APEGBP,APE,GBP,BREAK
APETRY,APE,TRY,TRADING
BSWUSDT,BSW,USDT,TRADING
BSWBUSD,BSW,BUSD,BREAK
BSWBNB,BSW,BNB,BREAK
APEBNB,APE,BNB,BREAK
GMTBRL,GMT,BRL,BREAK
GMTETH,GMT,ETH,BREAK
JASMYTRY,JASMY,TRY,TRADING
SANTOSBUSD,SANTOS,BUSD,BREAK
APEAUD,APE,AUD,BREAK
BIFIUSDT,BIFI,USDT,TRADING
GMTEUR,GMT,EUR,TRADING
IMXBNB,IMX,BNB,BREAK
RUNEETH,RUNE,ETH,TRADING
AVAXGBP,AVAX,GBP,BREAK
MULTIBTC,MULTI,BTC,BREAK
MULTIBUSD,MULTI,BUSD,BREAK
MULTIUSDT,MULTI,USDT,BREAK
APEETH,APE,ETH,BREAK
BSWETH,BSW,ETH,BREAK
FILTRY,FIL,TRY,TRADING
FTMEUR,FTM,EUR,TRADING
GMTGBP,GMT,GBP,BREAK
ZILTRY,ZIL,TRY,TRADING
GMTTRY,GMT,TRY,TRADING
WAVESTRY,WAVES,TRY,BREAK
BTCUST,BTC,UST,BREAK
ASTRBTC,ASTR,BTC,TRADING
ASTRETH,ASTR,ETH,BREAK
BSWTRY,BSW,TRY,TRADING
FTTETH,FTT,ETH,BREAK
FUNBNB,FUN,BNB,BREAK
PORTOBUSD,PORTO,BUSD,BREAK
STEEMUSDT,STEEM,USDT,TRADING
ZILEUR,ZIL,EUR,BREAK
APEBRL,APE,BRL,BREAK
AUDIOTRY,AUDIO,TRY,TRADING
BTTCBUSD,BTTC,BUSD,BREAK
GMTAUD,GMT,AUD,BREAK
MBLBUSD,MBL,BUSD,BREAK
MOBUSDT,MOB,USDT,BREAK
MOBBUSD,MOB,BUSD,BREAK
MOBBTC,MOB,BTC,BREAK
NEXOUSDT,NEXO,USDT,TRADING
NEXOBUSD,NEXO,BUSD,BREAK
NEXOBTC,NEXO,BTC,TRADING
REIUSDT,REI,USDT,TRADING
REIBNB,REI,BNB,BREAK
REIETH,REI,ETH,BREAK
GALUSDT,GAL,USDT,BREAK
GALBUSD,GAL,BUSD,BREAK
GALBNB,GAL,BNB,BREAK
GALBTC,GAL,BTC,BREAK
JASMYEUR,JASMY,EUR,BREAK
KNCBNB,KNC,BNB,BREAK
SHIBGBP,SHIB,GBP,BREAK
GALEUR,GAL,EUR,BREAK
GALTRY,GAL,TRY,BREAK
LDOBUSD,LDO,BUSD,BREAK
LDOUSDT,LDO,USDT,TRADING
LDOBTC,LDO,BTC,TRADING
ENSTRY,ENS,TRY,TRADING
DAREUR,DAR,EUR,BREAK
DARETH,DAR,ETH,BREAK
ALGOETH,ALGO,ETH,BREAK
ALGOTRY,ALGO,TRY,TRADING
GALETH,GAL,ETH,BREAK
EPXUSDT,EPX,USDT,BREAK
EPXBUSD,EPX,BUSD,BREAK
RUNETRY,RUNE,TRY,BREAK
GALBRL,GAL,BRL,BREAK
STEEMBUSD,STEEM,BUSD,BREAK
CVCBUSD,CVC,BUSD,BREAK
REIBUSD,REI,BUSD,BREAK
DREPBUSD,DREP,BUSD,BREAK
AKROBUSD,AKRO,BUSD,BREAK
PUNDIXBUSD,PUNDIX,BUSD,BREAK
LUNCBUSD,LUNC,BUSD,BREAK
USTCBUSD,USTC,BUSD,BREAK
OPBTC,OP,BTC,TRADING
OPBUSD,OP,BUSD,BREAK
OPUSDT,OP,USDT,TRADING
OGBUSD,OG,BUSD,BREAK
KEYBUSD,KEY,BUSD,BREAK
ASRBUSD,ASR,BUSD,BREAK
FIROBUSD,FIRO,BUSD,BREAK
NKNBUSD,NKN,BUSD,BREAK
OPBNB,OP,BNB,BREAK
OPEUR,OP,EUR,TRADING
GTOBUSD,GTO,BUSD,BREAK
SNXETH,SNX,ETH,BREAK
WBTCBUSD,WBTC,BUSD,BREAK
BELETH,BEL,ETH,BREAK
LITETH,LIT,ETH,BREAK
LEVERUSDT,LEVER,USDT,TRADING
LEVERBUSD,LEVER,BUSD,BREAK
BURGERETH,BURGER,ETH,BREAK
PEOPLEETH,PEOPLE,ETH,BREAK
UNFIETH,UNFI,ETH,BREAK
BONDETH,BOND,ETH,BREAK
STORJTRY,STORJ,TRY,TRADING
OPETH,OP,ETH,TRADING
ETCTRY,ETC,TRY,TRADING
WINGETH,WING,ETH,BREAK
FILETH,FIL,ETH,TRADING
GLMBUSD,GLM,BUSD,BREAK
SSVBUSD,SSV,BUSD,BREAK
STGBTC,STG,BTC,TRADING
STGBUSD,STG,BUSD,BREAK
STGUSDT,STG,USDT,TRADING
ANKRTRY,ANKR,TRY,TRADING
ARKBUSD,ARK,BUSD,BREAK
BETHBUSD,BETH,BUSD,BREAK
LOOMBUSD,LOOM,BUSD,BREAK
SNMBUSD,SNM,BUSD,BREAK
AMBBUSD,AMB,BUSD,BREAK
LUNCUSDT,LUNC,USDT,TRADING
PHBBUSD,PHB,BUSD,BREAK
GASBUSD,GAS,BUSD,BREAK
NEBLBUSD,NEBL,BUSD,BREAK
PROSBUSD,PROS,BUSD,BREAK
VIBBUSD,VIB,BUSD,BREAK
GMXBTC,GMX,BTC,BREAK
GMXBUSD,GMX,BUSD,BREAK
GMXUSDT,GMX,USDT,TRADING
AGIXBUSD,AGIX,BUSD,BREAK
NEBLUSDT,NEBL,USDT,BREAK
SNTBUSD,SNT,BUSD,BREAK
POLYXBTC,POLYX,BTC,TRADING
POLYXBUSD,POLYX,BUSD,BREAK
POLYXUSDT,POLYX,USDT,TRADING
APTBTC,APT,BTC,TRADING
APTUSDT,APT,USDT,TRADING
APTBUSD,APT,BUSD,BREAK
BTCPLN,BTC,PLN,TRADING
ETHPLN,ETH,PLN,TRADING
BUSDPLN,BUSD,PLN,BREAK
APTEUR,APT,EUR,TRADING
APTTRY,APT,TRY,TRADING
APTBRL,APT,BRL,BREAK
QKCBUSD,QKC,BUSD,BREAK
OSMOBTC,OSMO,BTC,BREAK
OSMOUSDT,OSMO,USDT,TRADING
OSMOBUSD,OSMO,BUSD,BREAK
HFTBTC,HFT,BTC,TRADING
HFTBUSD,HFT,BUSD,BREAK
HFTUSDT,HFT,USDT,TRADING
ARPAETH,ARPA,ETH,BREAK
PHBUSDT,PHB,USDT,TRADING
VITEBUSD,VITE,BUSD,BREAK
HOOKBTC,HOOK,BTC,BREAK
HOOKUSDT,HOOK,USDT,TRADING
HOOKBUSD,HOOK,BUSD,BREAK
HOOKBNB,HOOK,BNB,BREAK
MAGICBTC,MAGIC,BTC,TRADING
MAGICBUSD,MAGIC,BUSD,BREAK
MAGICUSDT,MAGIC,USDT,TRADING
BUSDRON,BUSD,RON,BREAK
HIFIETH,HIFI,ETH,BREAK
HIFIUSDT,HIFI,USDT,TRADING
RPLBTC,RPL,BTC,BREAK
RPLBUSD,RPL,BUSD,BREAK
RPLUSDT,RPL,USDT,TRADING
PROSUSDT,PROS,USDT,TRADING
FETTRY,FET,TRY,TRADING
GFTBUSD,GFT,BUSD,BREAK
AGIXUSDT,AGIX,USDT,BREAK
APTETH,APT,ETH,TRADING
BTCRON,BTC,RON,TRADING
GNSUSDT,GNS,USDT,TRADING
GNSBTC,GNS,BTC,BREAK
SYNBTC,SYN,BTC,BREAK
SYNUSDT,SYN,USDT,TRADING
VIBUSDT,VIB,USDT,TRADING
SSVUSDT,SSV,USDT,TRADING
LQTYUSDT,LQTY,USDT,TRADING
LQTYBTC,LQTY,BTC,TRADING
AMBUSDT,AMB,USDT,TRADING
BETHUSDT,BETH,USDT,BREAK
CFXTRY,CFX,TRY,TRADING
STXTRY,STX,TRY,TRADING
USTCUSDT,USTC,USDT,TRADING
GASUSDT,GAS,USDT,TRADING
GLMUSDT,GLM,USDT,TRADING
PROMUSDT,PROM,USDT,TRADING
QKCUSDT,QKC,USDT,TRADING
UFTUSDT,UFT,USDT,TRADING
IDBTC,ID,BTC,TRADING
IDBNB,ID,BNB,BREAK
IDUSDT,ID,USDT,TRADING
ARBBTC,ARB,BTC,TRADING
ARBUSDT,ARB,USDT,TRADING
AGIXTRY,AGIX,TRY,BREAK
LOOMUSDT,LOOM,USDT,BREAK
OAXUSDT,OAX,USDT,TRADING
ARBTUSD,ARB,TUSD,TRADING
ARBTRY,ARB,TRY,TRADING
ARBEUR,ARB,EUR,TRADING
IDTUSD,ID,TUSD,BREAK
IDTRY,ID,TRY,TRADING
IDEUR,ID,EUR,BREAK
LDOTUSD,LDO,TUSD,BREAK
MATICTUSD,MATIC,TUSD,BREAK
OPTUSD,OP,TUSD,BREAK
SOLTUSD,SOL,TUSD,TRADING
SSVTUSD,SSV,TUSD,BREAK
RDNTBTC,RDNT,BTC,TRADING
RDNTUSDT,RDNT,USDT,TRADING
RDNTTUSD,RDNT,TUSD,BREAK
ARBRUB,ARB,RUB,BREAK
JOETRY,JOE,TRY,BREAK
MAGICTRY,MAGIC,TRY,TRADING
USDTPLN,USDT,PLN,TRADING
ACHTRY,ACH,TRY,TRADING
XVSTRY,XVS,TRY,TRADING
EGLDRON,EGLD,RON,TRADING
USDTRON,USDT,RON,TRADING
USDTARS,USDT,ARS,TRADING
DOGETUSD,DOGE,TUSD,TRADING
WBTCUSDT,WBTC,USDT,TRADING
EDUUSDT,EDU,USDT,TRADING
EDUTUSD,EDU,TUSD,BREAK
EDUBNB,EDU,BNB,BREAK
EDUBTC,EDU,BTC,TRADING
EDUEUR,EDU,EUR,BREAK
EDUTRY,EDU,TRY,TRADING
SUIUSDT,SUI,USDT,TRADING
SUITUSD,SUI,TUSD,TRADING
SUIBTC,SUI,BTC,TRADING
SUIBNB,SUI,BNB,TRADING
SUIEUR,SUI,EUR,TRADING
SUITRY,SUI,TRY,TRADING
AERGOUSDT,AERGO,USDT,TRADING
RNDRTRY,RNDR,TRY,BREAK
PEPEUSDT,PEPE,USDT,TRADING
PEPETUSD,PEPE,TUSD,TRADING
FLOKIUSDT,FLOKI,USDT,TRADING
FLOKITUSD,FLOKI,TUSD,BREAK
OGTRY,OG,TRY,TRADING
PEPETRY,PEPE,TRY,TRADING
WBETHETH,WBETH,ETH,TRADING
ASTUSDT,AST,USDT,TRADING
SNTUSDT,SNT,USDT,TRADING
FLOKITRY,FLOKI,TRY,TRADING
CITYTRY,CITY,TRY,TRADING
COMBOUSDT,COMBO,USDT,TRADING
COMBOBNB,COMBO,BNB,BREAK
COMBOTRY,COMBO,TRY,TRADING
LTCTRY,LTC,TRY,TRADING
RADTRY,RAD,TRY,TRADING
BTCARS,BTC,ARS,TRADING
OPTRY,OP,TRY,TRADING
PAXGTRY,PAXG,TRY,TRADING
MAVBTC,MAV,BTC,TRADING
MAVUSDT,MAV,USDT,TRADING
MAVTUSD,MAV,TUSD,BREAK
CFXTUSD,CFX,TUSD,BREAK
PENDLEBTC,PENDLE,BTC,TRADING
PENDLEUSDT,PENDLE,USDT,TRADING
PENDLETUSD,PENDLE,TUSD,BREAK
MAVTRY,MAV,TRY,TRADING
OCEANTRY,OCEAN,TRY,BREAK
TUSDTRY,TUSD,TRY,TRADING
ARBETH,ARB,ETH,TRADING
BCHTRY,BCH,TRY,TRADING
XVGTRY,XVG,TRY,TRADING
XVGTUSD,XVG,TUSD,BREAK
ARKMUSDT,ARKM,USDT,TRADING
ARKMTUSD,ARKM,TUSD,BREAK
ARKMTRY,ARKM,TRY,TRADING
ARKMBNB,ARKM,BNB,TRADING
ARKMBTC,ARKM,BTC,TRADING
WBETHUSDT,WBETH,USDT,TRADING
ACATRY,ACA,TRY,TRADING
AVAXTUSD,AVAX,TUSD,BREAK
COMPTUSD,COMP,TUSD,BREAK
COMPTRY,COMP,TRY,TRADING
XECTRY,XEC,TRY,TRADING
QUICKTUSD,QUICK,TUSD,BREAK
WLDUSDT,WLD,USDT,TRADING
WLDBTC,WLD,BTC,TRADING
BNBFDUSD,BNB,FDUSD,TRADING
FDUSDBUSD,FDUSD,BUSD,BREAK
FDUSDUSDT,FDUSD,USDT,TRADING
ARKMRUB,ARKM,RUB,BREAK
WLDTRY,WLD,TRY,TRADING
WLDRUB,WLD,RUB,BREAK
AMPTRY,AMP,TRY,TRADING
OGNTRY,OGN,TRY,TRADING
BTCFDUSD,BTC,FDUSD,TRADING
ETHFDUSD,ETH,FDUSD,TRADING
ASRTRY,ASR,TRY,TRADING
ATMTRY,ATM,TRY,TRADING
ACMTRY,ACM,TRY,TRADING
BARTRY,BAR,TRY,TRADING
JUVTRY,JUV,TRY,TRADING
PSGTRY,PSG,TRY,TRADING
SEIBNB,SEI,BNB,TRADING
SEIBTC,SEI,BTC,TRADING
SEIFDUSD,SEI,FDUSD,TRADING
SEITRY,SEI,TRY,TRADING
SEIUSDT,SEI,USDT,TRADING
CYBERBNB,CYBER,BNB,TRADING
CYBERBTC,CYBER,BTC,TRADING
CYBERFDUSD,CYBER,FDUSD,TRADING
CYBERTRY,CYBER,TRY,TRADING
CYBERUSDT,CYBER,USDT,TRADING
CYBERTUSD,CYBER,TUSD,TRADING
SEITUSD,SEI,TUSD,BREAK
LPTTRY,LPT,TRY,TRADING
UNITRY,UNI,TRY,TRADING
SOLFDUSD,SOL,FDUSD,TRADING
TOMOTRY,TOMO,TRY,BREAK
UNFITRY,UNFI,TRY,BREAK
XRPFDUSD,XRP,FDUSD,TRADING
DOGEFDUSD,DOGE,FDUSD,TRADING
CYBERETH,CYBER,ETH,TRADING
MTLTRY,MTL,TRY,TRADING
ARKUSDT,ARK,USDT,TRADING
CREAMUSDT,CREAM,USDT,TRADING
GFTUSDT,GFT,USDT,TRADING
IQUSDT,IQ,USDT,TRADING
USDTVAI,USDT,VAI,BREAK
ARBFDUSD,ARB,FDUSD,TRADING
FDUSDTRY,FDUSD,TRY,TRADING
FRONTTRY,FRONT,TRY,BREAK
SUIFDUSD,SUI,FDUSD,TRADING
NTRNBTC,NTRN,BTC,BREAK
NTRNUSDT,NTRN,USDT,TRADING
NTRNBNB,NTRN,BNB,TRADING
FILFDUSD,FIL,FDUSD,TRADING
FRONTTUSD,FRONT,TUSD,BREAK
LEVERTRY,LEVER,TRY,TRADING
LTCFDUSD,LTC,FDUSD,TRADING
ADAFDUSD,ADA,FDUSD,TRADING
RUNETUSD,RUNE,TUSD,BREAK
TRBTRY,TRB,TRY,TRADING
ATOMFDUSD,ATOM,FDUSD,TRADING
AVAXFDUSD,AVAX,FDUSD,TRADING
BANDTRY,BAND,TRY,BREAK
BCHFDUSD,BCH,FDUSD,TRADING
LOOMTRY,LOOM,TRY,BREAK
MATICFDUSD,MATIC,FDUSD,BREAK
ALGOFDUSD,ALGO,FDUSD,BREAK
DOTFDUSD,DOT,FDUSD,TRADING
FTMFDUSD,FTM,FDUSD,TRADING
LINKFDUSD,LINK,FDUSD,TRADING
NEARFDUSD,NEAR,FDUSD,TRADING
STRAXTRY,STRAX,TRY,TRADING
TIABTC,TIA,BTC,TRADING
TIAUSDT,TIA,USDT,TRADING
TIATRY,TIA,TRY,TRADING
MEMEBNB,MEME,BNB,BREAK
MEMEUSDT,MEME,USDT,TRADING
MEMEFDUSD,MEME,FDUSD,TRADING
MEMETUSD,MEME,TUSD,BREAK
MEMETRY,MEME,TRY,TRADING
ORDIBTC,ORDI,BTC,TRADING
ORDIUSDT,ORDI,USDT,TRADING
ORDITRY,ORDI,TRY,TRADING
EGLDFDUSD,EGLD,FDUSD,TRADING
FETFDUSD,FET,FDUSD,TRADING
GASFDUSD,GAS,FDUSD,BREAK
INJETH,INJ,ETH,TRADING
INJTUSD,INJ,TUSD,BREAK
OPFDUSD,OP,FDUSD,TRADING
ORDIFDUSD,ORDI,FDUSD,TRADING
ORDITUSD,ORDI,TUSD,BREAK
RNDRFDUSD,RNDR,FDUSD,BREAK
SHIBTUSD,SHIB,TUSD,BREAK
BEAMXUSDT,BEAMX,USDT,TRADING
ARKTRY,ARK,TRY,TRADING
BEAMXTRY,BEAMX,TRY,TRADING
CAKETRY,CAKE,TRY,TRADING
CAKETUSD,CAKE,TUSD,BREAK
DYDXFDUSD,DYDX,FDUSD,TRADING
PIVXUSDT,PIVX,USDT,TRADING
RUNEFDUSD,RUNE,FDUSD,TRADING
TIATUSD,TIA,TUSD,BREAK
DOTTUSD,DOT,TUSD,BREAK
GALAFDUSD,GALA,FDUSD,TRADING
WLDFDUSD,WLD,FDUSD,TRADING
GASTRY,GAS,TRY,TRADING
NTRNTRY,NTRN,TRY,TRADING
VICBTC,VIC,BTC,TRADING
VICUSDT,VIC,USDT,TRADING
VICTRY,VIC,TRY,TRADING
BLURBTC,BLUR,BTC,TRADING
BLURUSDT,BLUR,USDT,TRADING
BLURTRY,BLUR,TRY,TRADING
BLURFDUSD,BLUR,FDUSD,BREAK
SUPERFDUSD,SUPER,FDUSD,BREAK
USTCFDUSD,USTC,FDUSD,TRADING
USTCTRY,USTC,TRY,TRADING
DYDXTRY,DYDX,TRY,TRADING
VANRYUSDT,VANRY,USDT,TRADING
VANRYBTC,VANRY,BTC,TRADING
BTCAEUR,BTC,AEUR,BREAK
AEURUSDT,AEUR,USDT,TRADING
ETHAEUR,ETH,AEUR,BREAK
EURAEUR,EUR,AEUR,TRADING
AUCTIONFDUSD,AUCTION,FDUSD,TRADING
IOTAFDUSD,IOTA,FDUSD,BREAK
LUNCTRY,LUNC,TRY,TRADING
SUPERTRY,SUPER,TRY,TRADING
JTOUSDT,JTO,USDT,TRADING
JTOFDUSD,JTO,FDUSD,TRADING
JTOTRY,JTO,TRY,TRADING
1000SATSUSDT,1000SATS,USDT,TRADING
1000SATSFDUSD,1000SATS,FDUSD,TRADING
1000SATSTRY,1000SATS,TRY,TRADING
SHIBFDUSD,SHIB,FDUSD,TRADING
SANDFDUSD,SAND,FDUSD,TRADING
MEMEETH,MEME,ETH,BREAK
IOTATRY,IOTA,TRY,TRADING
INJFDUSD,INJ,FDUSD,TRADING
FIDATRY,FIDA,TRY,TRADING
BONKUSDT,BONK,USDT,TRADING
BONKFDUSD,BONK,FDUSD,TRADING
BONKTRY,BONK,TRY,TRADING
ACEFDUSD,ACE,FDUSD,BREAK
ACEUSDT,ACE,USDT,TRADING
ACEBNB,ACE,BNB,BREAK
ACEBTC,ACE,BTC,TRADING
ACETRY,ACE,TRY,TRADING
BLZFDUSD,BLZ,FDUSD,BREAK
RARETRY,RARE,TRY,TRADING
VANRYTRY,VANRY,TRY,TRADING
NFPBTC,NFP,BTC,TRADING
NFPUSDT,NFP,USDT,TRADING
NFPBNB,NFP,BNB,BREAK
NFPFDUSD,NFP,FDUSD,TRADING
NFPTUSD,NFP,TUSD,BREAK
NFPTRY,NFP,TRY,TRADING
ARBUSDC,ARB,USDC,TRADING
AVAXUSDC,AVAX,USDC,TRADING
DOTUSDC,DOT,USDC,TRADING
INJUSDC,INJ,USDC,TRADING
MATICUSDC,MATIC,USDC,BREAK
OPUSDC,OP,USDC,TRADING
ORDIUSDC,ORDI,USDC,TRADING
AIBTC,AI,BTC,TRADING
AIUSDT,AI,USDT,TRADING
AIBNB,AI,BNB,TRADING
AIFDUSD,AI,FDUSD,TRADING
AITUSD,AI,TUSD,BREAK
AITRY,AI,TRY,TRADING
ICPFDUSD,ICP,FDUSD,TRADING
LDOFDUSD,LDO,FDUSD,TRADING
MOVRTRY,MOVR,TRY,TRADING
XAIBTC,XAI,BTC,TRADING
XAIUSDT,XAI,USDT,TRADING
XAIBNB,XAI,BNB,BREAK
XAIFDUSD,XAI,FDUSD,TRADING
XAITUSD,XAI,TUSD,BREAK
XAITRY,XAI,TRY,TRADING
SKLTRY,SKL,TRY,TRADING
STXFDUSD,STX,FDUSD,TRADING
TIAFDUSD,TIA,FDUSD,TRADING
MANTABTC,MANTA,BTC,TRADING
MANTAUSDT,MANTA,USDT,TRADING
MANTABNB,MANTA,BNB,BREAK
MANTAFDUSD,MANTA,FDUSD,TRADING
MANTATRY,MANTA,TRY,TRADING
ENSFDUSD,ENS,FDUSD,TRADING
ETCFDUSD,ETC,FDUSD,TRADING
SUIUSDC,SUI,USDC,TRADING
TIAUSDC,TIA,USDC,TRADING
CHZFDUSD,CHZ,FDUSD,TRADING
MANTAUSDC,MANTA,USDC,TRADING
ALTBTC,ALT,BTC,TRADING
ALTUSDT,ALT,USDT,TRADING
ALTBNB,ALT,BNB,TRADING
ALTFDUSD,ALT,FDUSD,TRADING
ALTTRY,ALT,TRY,TRADING
APTFDUSD,APT,FDUSD,TRADING
BLURUSDC,BLUR,USDC,TRADING
JUPUSDT,JUP,USDT,TRADING
JUPFDUSD,JUP,FDUSD,TRADING
JUPTRY,JUP,TRY,TRADING
ALTUSDC,ALT,USDC,TRADING
MAGICFDUSD,MAGIC,FDUSD,BREAK
SEIUSDC,SEI,USDC,TRADING
PYTHBTC,PYTH,BTC,TRADING
PYTHUSDT,PYTH,USDT,TRADING
PYTHFDUSD,PYTH,FDUSD,TRADING
PYTHTRY,PYTH,TRY,TRADING
RONINBTC,RONIN,BTC,TRADING
RONINUSDT,RONIN,USDT,TRADING
RONINFDUSD,RONIN,FDUSD,TRADING
RONINTRY,RONIN,TRY,TRADING
DYMBTC,DYM,BTC,TRADING
DYMUSDT,DYM,USDT,TRADING
DYMFDUSD,DYM,FDUSD,BREAK
DYMTRY,DYM,TRY,TRADING
JUPUSDC,JUP,USDC,TRADING
PENDLEFDUSD,PENDLE,FDUSD,TRADING
PIXELBTC,PIXEL,BTC,TRADING
PIXELBNB,PIXEL,BNB,TRADING
PIXELUSDT,PIXEL,USDT,TRADING
PIXELFDUSD,PIXEL,FDUSD,TRADING
PIXELTRY,PIXEL,TRY,TRADING
STRKBTC,STRK,BTC,TRADING
STRKUSDT,STRK,USDT,TRADING
STRKFDUSD,STRK,FDUSD,TRADING
STRKTRY,STRK,TRY,TRADING
FILUSDC,FIL,USDC,TRADING
HBARTRY,HBAR,TRY,TRADING
PENDLETRY,PENDLE,TRY,TRADING
WLDUSDC,WLD,USDC,TRADING
CKBTRY,CKB,TRY,TRADING
COTITRY,COTI,TRY,TRADING
LDOTRY,LDO,TRY,TRADING
UNIUSDC,UNI,USDC,TRADING
PORTALBTC,PORTAL,BTC,TRADING
PORTALUSDT,PORTAL,USDT,TRADING
PORTALBNB,PORTAL,BNB,TRADING
PORTALFDUSD,PORTAL,FDUSD,TRADING
PORTALTRY,PORTAL,TRY,TRADING
PDABTC,PDA,BTC,BREAK
PDAUSDT,PDA,USDT,TRADING
AXLBTC,AXL,BTC,TRADING
AXLUSDT,AXL,USDT,TRADING
AXLFDUSD,AXL,FDUSD,TRADING
AXLTRY,AXL,TRY,TRADING
PEPEFDUSD,PEPE,FDUSD,TRADING
PIXELUSDC,PIXEL,USDC,TRADING
STRKUSDC,STRK,USDC,TRADING
UNIFDUSD,UNI,FDUSD,TRADING
OMTRY,OM,TRY,TRADING
THETATRY,THETA,TRY,TRADING
WIFBTC,WIF,BTC,TRADING
WIFUSDT,WIF,USDT,TRADING
WIFFDUSD,WIF,FDUSD,TRADING
WIFTRY,WIF,TRY,TRADING
AGIXFDUSD,AGIX,FDUSD,BREAK
PEPEUSDC,PEPE,USDC,TRADING
SHIBUSDC,SHIB,USDC,TRADING
THETAFDUSD,THETA,FDUSD,TRADING
ARTRY,AR,TRY,TRADING
METISBTC,METIS,BTC,BREAK
METISUSDT,METIS,USDT,TRADING
METISFDUSD,METIS,FDUSD,BREAK
METISTRY,METIS,TRY,TRADING
BNBJPY,BNB,JPY,TRADING
BTCJPY,BTC,JPY,TRADING
ETHJPY,ETH,JPY,TRADING
FLOKIFDUSD,FLOKI,FDUSD,TRADING
GRTFDUSD,GRT,FDUSD,TRADING
NEARUSDC,NEAR,USDC,TRADING
SNXTRY,SNX,TRY,TRADING
AEVOBTC,AEVO,BTC,TRADING
AEVOUSDT,AEVO,USDT,TRADING
AEVOBNB,AEVO,BNB,BREAK
AEVOFDUSD,AEVO,FDUSD,TRADING
AEVOTRY,AEVO,TRY,TRADING
FETUSDC,FET,USDC,TRADING
IMXTRY,IMX,TRY,BREAK
EURUSDC,EUR,USDC,TRADING
BOMETRY,BOME,TRY,TRADING
BOMEBTC,BOME,BTC,TRADING
BOMEUSDT,BOME,USDT,TRADING
BOMEFDUSD,BOME,FDUSD,TRADING
ETHFIBTC,ETHFI,BTC,TRADING
ETHFIUSDT,ETHFI,USDT,TRADING
ETHFIBNB,ETHFI,BNB,BREAK
ETHFIFDUSD,ETHFI,FDUSD,TRADING
ETHFITRY,ETHFI,TRY,TRADING
AAVETRY,AAVE,TRY,TRADING
ARKMFDUSD,ARKM,FDUSD,TRADING
CRVTRY,CRV,TRY,TRADING
FETBRL,FET,BRL,TRADING
RAYFDUSD,RAY,FDUSD,TRADING
RNDREUR,RNDR,EUR,BREAK
BONKUSDC,BONK,USDC,TRADING
FLOKIUSDC,FLOKI,USDC,TRADING
MKRTRY,MKR,TRY,TRADING
RAYTRY,RAY,TRY,TRADING
RNDRBRL,RNDR,BRL,BREAK
ENABTC,ENA,BTC,TRADING
ENAUSDT,ENA,USDT,TRADING
ENABNB,ENA,BNB,TRADING
ENAFDUSD,ENA,FDUSD,TRADING
ENATRY,ENA,TRY,TRADING
LQTYFDUSD,LQTY,FDUSD,BREAK
MASKTRY,MASK,TRY,TRADING
PENDLEUSDC,PENDLE,USDC,TRADING
RDNTTRY,RDNT,TRY,TRADING
WBTC,W,BTC,TRADING
WUSDT,W,USDT,TRADING
WFDUSD,W,FDUSD,TRADING
WTRY,W,TRY,TRADING
BOMEUSDC,BOME,USDC,TRADING
JTOUSDC,JTO,USDC,TRADING
WIFUSDC,WIF,USDC,TRADING
TNSRBTC,TNSR,BTC,TRADING
TNSRUSDT,TNSR,USDT,TRADING
TNSRFDUSD,TNSR,FDUSD,TRADING
TNSRTRY,TNSR,TRY,TRADING
SAGABTC,SAGA,BTC,TRADING
SAGAUSDT,SAGA,USDT,TRADING
SAGABNB,SAGA,BNB,TRADING
SAGAFDUSD,SAGA,FDUSD,TRADING
SAGATRY,SAGA,TRY,TRADING
USDTMXN,USDT,MXN,TRADING
CKBUSDC,CKB,USDC,TRADING
ENAUSDC,ENA,USDC,TRADING
ETHFIUSDC,ETHFI,USDC,TRADING
YGGUSDC,YGG,USDC,TRADING
USDTCZK,USDT,CZK,TRADING
TAOBTC,TAO,BTC,TRADING
TAOUSDT,TAO,USDT,TRADING
TAOFDUSD,TAO,FDUSD,TRADING
TAOTRY,TAO,TRY,TRADING
CFXUSDC,CFX,USDC,TRADING
RNDRUSDC,RNDR,USDC,BREAK
RUNEUSDC,RUNE,USDC,TRADING
SAGAUSDC,SAGA,USDC,TRADING
POLYXTRY,POLYX,TRY,TRADING
OMNIBTC,OMNI,BTC,TRADING
OMNIUSDT,OMNI,USDT,TRADING
OMNIBNB,OMNI,BNB,BREAK
OMNIFDUSD,OMNI,FDUSD,TRADING
OMNITRY,OMNI,TRY,TRADING
APTUSDC,APT,USDC,TRADING
GALAUSDC,GALA,USDC,TRADING
OMNIBRL,OMNI,BRL,BREAK
STXUSDC,STX,USDC,TRADING
ICPUSDC,ICP,USDC,TRADING
OMNIUSDC,OMNI,USDC,TRADING
PEPEBRL,PEPE,BRL,TRADING
YGGTRY,YGG,TRY,TRADING
ADAJPY,ADA,JPY,TRADING
SHIBJPY,SHIB,JPY,TRADING
SOLJPY,SOL,JPY,TRADING
XRPJPY,XRP,JPY,TRADING
REZBTC,REZ,BTC,TRADING
REZUSDT,REZ,USDT,TRADING
REZBNB,REZ,BNB,BREAK
REZFDUSD,REZ,FDUSD,TRADING
REZTRY,REZ,TRY,TRADING
EGLDTRY,EGLD,TRY,TRADING
PHBTRY,PHB,TRY,TRADING
RSRTRY,RSR,TRY,TRADING
BBBTC,BB,BTC,TRADING
BBUSDT,BB,USDT,TRADING
BBBNB,BB,BNB,TRADING
BBFDUSD,BB,FDUSD,TRADING
BBTRY,BB,TRY,TRADING
FRONTUSDC,FRONT,USDC,BREAK
PEOPLETRY,PEOPLE,TRY,TRADING
TRBUSDC,TRB,USDC,TRADING
NOTUSDT,NOT,USDT,TRADING
NOTBNB,NOT,BNB,TRADING
NOTFDUSD,NOT,FDUSD,TRADING
NOTTRY,NOT,TRY,TRADING
ARKMUSDC,ARKM,USDC,TRADING
ARUSDC,AR,USDC,TRADING
BBUSDC,BB,USDC,TRADING
CRVUSDC,CRV,USDC,TRADING
PEOPLEUSDC,PEOPLE,USDC,TRADING
ARFDUSD,AR,FDUSD,TRADING
ENAEUR,ENA,EUR,BREAK
PEPEEUR,PEPE,EUR,TRADING
REZUSDC,REZ,USDC,TRADING
TRBFDUSD,TRB,FDUSD,BREAK
USDCTRY,USDC,TRY,TRADING
BTCMXN,BTC,MXN,TRADING
XRPMXN,XRP,MXN,TRADING
ENSUSDC,ENS,USDC,TRADING
LDOUSDC,LDO,USDC,TRADING
NOTUSDC,NOT,USDC,TRADING
NEARBRL,NEAR,BRL,TRADING
HIGHTRY,HIGH,TRY,TRADING
PEOPLEFDUSD,PEOPLE,FDUSD,TRADING
TNSRUSDC,TNSR,USDC,TRADING
USDTCOP,USDT,COP,TRADING
IOBTC,IO,BTC,TRADING
IOUSDT,IO,USDT,TRADING
IOBNB,IO,BNB,TRADING
IOFDUSD,IO,FDUSD,TRADING
IOTRY,IO,TRY,TRADING
NOTBRL,NOT,BRL,TRADING
TRUTRY,TRU,TRY,TRADING
WIFEUR,WIF,EUR,TRADING
ZKBTC,ZK,BTC,TRADING
ZKUSDT,ZK,USDT,TRADING
ZKFDUSD,ZK,FDUSD,TRADING
ZKTRY,ZK,TRY,TRADING
LISTAUSDT,LISTA,USDT,TRADING
LISTABNB,LISTA,BNB,TRADING
LISTAFDUSD,LISTA,FDUSD,TRADING
LISTATRY,LISTA,TRY,TRADING
ZROBTC,ZRO,BTC,TRADING
ZROUSDT,ZRO,USDT,TRADING
ZROFDUSD,ZRO,FDUSD,TRADING
ZROTRY,ZRO,TRY,TRADING
LISTABRL,LISTA,BRL,TRADING
BAKETRY,BAKE,TRY,TRADING
WIFBRL,WIF,BRL,TRADING
ZKUSDC,ZK,USDC,TRADING
ZROUSDC,ZRO,USDC,TRADING
IOUSDC,IO,USDC,TRADING
1000SATSUSDC,1000SATS,USDC,TRADING
BNXTRY,BNX,TRY,TRADING
ETHARS,ETH,ARS,TRADING
GUSDT,G,USDT,TRADING
GTRY,G,TRY,TRADING
BANANABTC,BANANA,BTC,TRADING
BANANAUSDT,BANANA,USDT,TRADING
BANANABNB,BANANA,BNB,TRADING
BANANAFDUSD,BANANA,FDUSD,TRADING
BANANATRY,BANANA,TRY,TRADING
RENDERBTC,RENDER,BTC,TRADING
RENDERUSDT,RENDER,USDT,TRADING
RENDERFDUSD,RENDER,FDUSD,TRADING
RENDERUSDC,RENDER,USDC,TRADING
RENDERTRY,RENDER,TRY,TRADING
RENDEREUR,RENDER,EUR,TRADING
RENDERBRL,RENDER,BRL,TRADING
TONBTC,TON,BTC,TRADING
TONUSDT,TON,USDT,TRADING
TONFDUSD,TON,FDUSD,TRADING
TONTRY,TON,TRY,TRADING
BONKBRL,BONK,BRL,TRADING
NOTEUR,NOT,EUR,TRADING
DOGEJPY,DOGE,JPY,TRADING
MATICJPY,MATIC,JPY,BREAK
NEARJPY,NEAR,JPY,TRADING
TONUSDC,TON,USDC,TRADING
AAVEFDUSD,AAVE,FDUSD,TRADING
DOGSUSDT,DOGS,USDT,TRADING
DOGSBNB,DOGS,BNB,TRADING
DOGSFDUSD,DOGS,FDUSD,TRADING
DOGSTRY,DOGS,TRY,TRADING
EUREURI,EUR,EURI,TRADING
EURIUSDT,EURI,USDT,TRADING
DOGSBRL,DOGS,BRL,TRADING
DOGSUSDC,DOGS,USDC,TRADING
RAREBRL,RARE,BRL,BREAK
RAREUSDC,RARE,USDC,TRADING
SLFBTC,SLF,BTC,TRADING
SLFTRY,SLF,TRY,TRADING
SLFUSDC,SLF,USDC,TRADING
SLFUSDT,SLF,USDT,TRADING
AAVEUSDC,AAVE,USDC,TRADING
SUNTRY,SUN,TRY,TRADING
STMXTRY,STMX,TRY,TRADING
POLBNB,POL,BNB,TRADING
POLBRL,POL,BRL,TRADING
POLBTC,POL,BTC,TRADING
POLETH,POL,ETH,TRADING
POLEUR,POL,EUR,TRADING
POLFDUSD,POL,FDUSD,TRADING
POLJPY,POL,JPY,TRADING
POLTRY,POL,TRY,TRADING
POLUSDC,POL,USDC,TRADING
POLUSDT,POL,USDT,TRADING
NEIROUSDT,NEIRO,USDT,TRADING
TURBOUSDT,TURBO,USDT,TRADING
1MBABYDOGEUSDT,1MBABYDOGE,USDT,TRADING
CATIUSDT,CATI,USDT,TRADING
CATIBNB,CATI,BNB,TRADING
CATIFDUSD,CATI,FDUSD,TRADING
CATITRY,CATI,TRY,TRADING
1MBABYDOGEFDUSD,1MBABYDOGE,FDUSD,TRADING
1MBABYDOGETRY,1MBABYDOGE,TRY,TRADING
CATIBRL,CATI,BRL,TRADING
BTCEURI,BTC,EURI,TRADING
NEIROFDUSD,NEIRO,FDUSD,TRADING
NEIROTRY,NEIRO,TRY,TRADING
HMSTRUSDT,HMSTR,USDT,TRADING
HMSTRBNB,HMSTR,BNB,TRADING
HMSTRFDUSD,HMSTR,FDUSD,TRADING
HMSTRTRY,HMSTR,TRY,TRADING
EIGENBTC,EIGEN,BTC,TRADING
EIGENUSDT,EIGEN,USDT,TRADING
EIGENFDUSD,EIGEN,FDUSD,TRADING
EIGENTRY,EIGEN,TRY,TRADING
NEIROBRL,NEIRO,BRL,TRADING
NEIROEUR,NEIRO,EUR,TRADING
BNSOLSOL,BNSOL,SOL,TRADING
SCRUSDT,SCR,USDT,TRADING
SUIBRL,SUI,BRL,TRADING
TURBOTRY,TURBO,TRY,TRADING
BNSOLUSDT,BNSOL,USDT,TRADING
LUMIAUSDT,LUMIA,USDT,TRADING
SCRBTC,SCR,BTC,TRADING
SCRFDUSD,SCR,FDUSD,TRADING
SCRTRY,SCR,TRY,TRADING
KAIAUSDT,KAIA,USDT,TRADING
COWUSDT,COW,USDT,TRADING
CETUSUSDT,CETUS,USDT,TRADING
PNUTUSDT,PNUT,USDT,TRADING
ACTUSDT,ACT,USDT,TRADING
ACTTRY,ACT,TRY,TRADING
COWTRY,COW,TRY,TRADING
CETUSTRY,CETUS,TRY,TRADING
TROYTRY,TROY,TRY,TRADING
PNUTTRY,PNUT,TRY,TRADING
ACTFDUSD,ACT,FDUSD,TRADING
ACTUSDC,ACT,USDC,TRADING
NEIROUSDC,NEIRO,USDC,TRADING
PNUTBTC,PNUT,BTC,TRADING
PNUTFDUSD,PNUT,FDUSD,TRADING
PNUTUSDC,PNUT,USDC,TRADING
USUALUSDT,USUAL,USDT,TRADING
ACTBRL,ACT,BRL,TRADING
ACTEUR,ACT,EUR,TRADING
CATIUSDC,CATI,USDC,TRADING
ETHEURI,ETH,EURI,TRADING
LUMIATRY,LUMIA,TRY,TRADING
PNUTBRL,PNUT,BRL,TRADING
PNUTEUR,PNUT,EUR,TRADING
APEFDUSD,APE,FDUSD,TRADING
FDUSDUSDC,FDUSD,USDC,TRADING
HBARUSDC,HBAR,USDC,TRADING
OMUSDC,OM,USDC,TRADING
RAYUSDC,RAY,USDC,TRADING
TAOUSDC,TAO,USDC,TRADING
TURBOFDUSD,TURBO,FDUSD,TRADING
